id,名称,主类型,次类型,等级,品阶,Unnamed: 6,等级.1,普通装备品阶,高端装备品阶,神铸装备品阶,Unnamed: 11,强化级别,装备品质,强化费用,Unnamed: 15,装备等级,装备品质.1,1孔消耗银币,2孔消耗银币,Unnamed: 20,开放等级,打造装备银币消耗,Unnamed: 23,等级.2,装备类型,银币消耗
14200001.0,饰纹苦无,2.0,1.0,1.0,1.0,,10.0,1.0,2.0,,,0,1,328,,20.0,4.0,115000.0,230000.0,,30.0,1000.0,,30.0,普通,1500.0
14200002.0,饰纹手里剑,2.0,1.0,1.0,1.0,,30.0,3.0,4.0,,,1,1,355,,20.0,5.0,115000.0,230000.0,,30.0,1000.0,,30.0,高级,1500.0
14200003.0,饰纹卷轴,2.0,1.0,1.0,1.0,,50.0,3.0,4.0,5.0,,2,1,384,,20.0,6.0,115000.0,230000.0,,30.0,1000.0,,50.0,普通,2500.0
14200004.0,饰纹护额,2.0,2.0,1.0,1.0,,70.0,4.0,5.0,6.0,,3,1,415,,20.0,7.0,115000.0,230000.0,,30.0,1000.0,,50.0,高级,2500.0
14200005.0,饰纹胸甲,2.0,3.0,1.0,1.0,,80.0,4.0,5.0,6.0,,4,1,448,,50.0,4.0,115000.0,230000.0,,30.0,1000.0,,50.0,神铸,4000.0
14200006.0,饰纹风衣,2.0,4.0,1.0,1.0,,90.0,4.0,5.0,6.0,,5,1,484,,50.0,5.0,115000.0,230000.0,,30.0,1000.0,,70.0,普通,4000.0
14200007.0,饰纹靴,2.0,5.0,1.0,1.0,,100.0,4.0,5.0,6.0,,6,1,524,,50.0,6.0,115000.0,230000.0,,30.0,1000.0,,70.0,高级,4000.0
14200008.0,饰纹腰带,2.0,6.0,1.0,1.0,,110.0,4.0,5.0,6.0,,7,1,567,,50.0,7.0,115000.0,230000.0,,30.0,1000.0,,70.0,神铸,6000.0
14200011.0,下忍苦无,2.0,1.0,1.0,1.0,,120.0,4.0,5.0,6.0,,8,1,613,,65.0,4.0,375000.0,650000.0,,30.0,2000.0,,80.0,普通,6000.0
14200012.0,下忍手里剑,2.0,1.0,1.0,1.0,,130.0,4.0,5.0,6.0,,9,1,662,,65.0,5.0,375000.0,650000.0,,30.0,2000.0,,80.0,高级,6000.0
14200013.0,下忍卷轴,2.0,1.0,1.0,1.0,,140.0,4.0,5.0,6.0,,10,1,716,,65.0,6.0,375000.0,650000.0,,30.0,2000.0,,80.0,神铸,6000.0
14200014.0,下忍护额,2.0,2.0,1.0,1.0,,150.0,4.0,5.0,6.0,,11,1,774,,65.0,7.0,375000.0,650000.0,,30.0,2000.0,,90.0,普通,8000.0
14200015.0,下忍胸甲,2.0,3.0,1.0,1.0,,,,,,,12,1,836,,70.0,4.0,225000.0,450000.0,,30.0,2000.0,,90.0,高级,8000.0
14200016.0,下忍风衣,2.0,4.0,1.0,1.0,,,,,,,13,1,903,,70.0,5.0,225000.0,450000.0,,30.0,2000.0,,90.0,神铸,10000.0
14200017.0,下忍靴,2.0,5.0,1.0,1.0,,,,,,,14,1,976,,70.0,6.0,225000.0,450000.0,,30.0,2000.0,,100.0,普通,10000.0
14200018.0,下忍腰带,2.0,6.0,1.0,1.0,,,,,,,15,1,1056,,70.0,7.0,225000.0,450000.0,,30.0,2000.0,,100.0,高级,10000.0
14200021.0,精炼苦无,2.0,1.0,10.0,2.0,,,,,,,16,1,1141,,75.0,4.0,475000.0,950000.0,,50.0,1500.0,,100.0,神铸,12000.0
14200022.0,精炼手里剑,2.0,1.0,10.0,2.0,,,,,,,17,1,1233,,75.0,5.0,475000.0,950000.0,,50.0,1500.0,,110.0,普通,12000.0
14200023.0,精炼卷轴,2.0,1.0,10.0,2.0,,,,,,,18,1,1333,,75.0,6.0,475000.0,950000.0,,50.0,1500.0,,110.0,高级,12000.0
14200024.0,精炼护额,2.0,2.0,10.0,2.0,,,,,,,19,1,1440,,75.0,7.0,475000.0,950000.0,,50.0,1500.0,,110.0,神铸,15000.0
14200025.0,精炼胸甲,2.0,3.0,10.0,2.0,,,,,,,20,1,1555,,78.0,4.0,675000.0,1350000.0,,50.0,1500.0,,120.0,普通,12000.0
14200026.0,精炼风衣,2.0,4.0,10.0,2.0,,,,,,,21,1,1680,,78.0,5.0,675000.0,1350000.0,,50.0,1500.0,,120.0,高级,14000.0
14200027.0,精炼靴,2.0,5.0,10.0,2.0,,,,,,,22,1,1814,,78.0,6.0,675000.0,1350000.0,,50.0,1500.0,,120.0,神铸,16000.0
14200028.0,精炼腰带,2.0,6.0,10.0,2.0,,,,,,,23,1,1959,,78.0,7.0,675000.0,1350000.0,,50.0,1500.0,,130.0,普通,14000.0
14200031.0,雪晴苦无,2.0,1.0,30.0,3.0,,,,,,,24,1,2116,,80.0,4.0,375000.0,750000.0,,50.0,3000.0,,130.0,高级,16000.0
14200032.0,雪晴手里剑,2.0,1.0,30.0,3.0,,,,,,,25,1,2287,,80.0,5.0,375000.0,750000.0,,50.0,3000.0,,130.0,神铸,18000.0
14200033.0,雪晴卷轴,2.0,1.0,30.0,3.0,,,,,,,26,1,2470,,80.0,6.0,375000.0,750000.0,,50.0,3000.0,,140.0,普通,16000.0
14200034.0,雪晴护额,2.0,2.0,30.0,3.0,,,,,,,27,1,2668,,80.0,7.0,375000.0,750000.0,,50.0,3000.0,,140.0,高级,18000.0
14200035.0,雪晴胸甲,2.0,3.0,30.0,3.0,,,,,,,28,1,2882,,85.0,4.0,875000.0,1750000.0,,50.0,3000.0,,140.0,神铸,20000.0
14200036.0,雪晴风衣,2.0,4.0,30.0,3.0,,,,,,,29,1,3114,,85.0,5.0,875000.0,1750000.0,,50.0,3000.0,,150.0,普通,14000.0
14200037.0,雪晴靴,2.0,5.0,30.0,3.0,,,,,,,30,1,3363,,85.0,6.0,875000.0,1750000.0,,50.0,3000.0,,150.0,高级,16000.0
14200038.0,雪晴腰带,2.0,6.0,30.0,3.0,,,,,,,31,1,3633,,85.0,7.0,875000.0,1750000.0,,50.0,3000.0,,150.0,神铸,18000.0
14200041.0,烬灭苦无,2.0,1.0,30.0,4.0,,,,,,,32,1,3925,,90.0,4.0,627500.0,1255000.0,,70.0,2500.0,,,,
14200042.0,烬灭手里剑,2.0,1.0,30.0,4.0,,,,,,,33,1,4869,,90.0,5.0,627500.0,1255000.0,,70.0,2500.0,,,,
14200043.0,烬灭卷轴,2.0,1.0,30.0,4.0,,,,,,,34,1,5804,,90.0,6.0,627500.0,1255000.0,,70.0,2500.0,,,,
14200044.0,烬灭护额,2.0,2.0,30.0,4.0,,,,,,,35,1,6732,,90.0,7.0,627500.0,1255000.0,,70.0,2500.0,,,,
14200045.0,烬灭胸甲,2.0,3.0,30.0,4.0,,,,,,,36,1,7656,,95.0,4.0,1250000.0,2500000.0,,70.0,2500.0,,,,
14200046.0,烬灭风衣,2.0,4.0,30.0,4.0,,,,,,,37,1,8577,,95.0,5.0,1250000.0,2500000.0,,70.0,2500.0,,,,
14200047.0,烬灭靴,2.0,5.0,30.0,4.0,,,,,,,38,1,9496,,95.0,6.0,1250000.0,2500000.0,,70.0,2500.0,,,,
14200048.0,烬灭腰带,2.0,6.0,30.0,4.0,,,,,,,39,1,10416,,95.0,7.0,1250000.0,2500000.0,,70.0,2500.0,,,,
14200051.0,雾朦苦无,2.0,1.0,50.0,3.0,,,,,,,40,1,11335,,98.0,4.0,1750000.0,3500000.0,,70.0,4000.0,,,,
14200052.0,雾朦手里剑,2.0,1.0,50.0,3.0,,,,,,,41,1,12260,,98.0,5.0,1750000.0,3500000.0,,70.0,4000.0,,,,
14200053.0,雾朦卷轴,2.0,1.0,50.0,3.0,,,,,,,42,1,13194,,98.0,6.0,1750000.0,3500000.0,,70.0,4000.0,,,,
14200054.0,雾朦护额,2.0,2.0,50.0,3.0,,,,,,,43,1,14127,,98.0,7.0,1750000.0,3500000.0,,70.0,4000.0,,,,
14200055.0,雾朦胸甲,2.0,3.0,50.0,3.0,,,,,,,44,1,15070,,100.0,4.0,872500.0,1745000.0,,70.0,4000.0,,,,
14200056.0,雾朦风衣,2.0,4.0,50.0,3.0,,,,,,,45,1,16024,,100.0,5.0,872500.0,1745000.0,,70.0,4000.0,,,,
14200057.0,雾朦靴,2.0,5.0,50.0,3.0,,,,,,,46,1,16986,,100.0,6.0,872500.0,1745000.0,,70.0,4000.0,,,,
14200058.0,雾朦腰带,2.0,6.0,50.0,3.0,,,,,,,47,1,17960,,100.0,7.0,872500.0,1745000.0,,70.0,4000.0,,,,
14200061.0,月泉苦无,2.0,1.0,50.0,4.0,,,,,,,48,1,18943,,105.0,4.0,1750000.0,3500000.0,,80.0,3500.0,,,,
14200062.0,月泉手里剑,2.0,1.0,50.0,4.0,,,,,,,49,1,19940,,105.0,5.0,1750000.0,3500000.0,,80.0,3500.0,,,,
14200063.0,月泉卷轴,2.0,1.0,50.0,4.0,,,,,,,50,1,20948,,105.0,6.0,1750000.0,3500000.0,,80.0,3500.0,,,,
14200064.0,月泉护额,2.0,2.0,50.0,4.0,,,,,,,51,1,22417,,105.0,7.0,1750000.0,3500000.0,,80.0,3500.0,,,,
14200065.0,月泉胸甲,2.0,3.0,50.0,4.0,,,,,,,52,1,23932,,110.0,4.0,1275000.0,2550000.0,,80.0,3500.0,,,,
14200066.0,月泉风衣,2.0,4.0,50.0,4.0,,,,,,,53,1,25514,,110.0,5.0,1275000.0,2550000.0,,80.0,3500.0,,,,
14200067.0,月泉靴,2.0,5.0,50.0,4.0,,,,,,,54,1,27159,,110.0,6.0,1275000.0,2550000.0,,80.0,3500.0,,,,
14200068.0,月泉腰带,2.0,6.0,50.0,4.0,,,,,,,55,1,28860,,110.0,7.0,1275000.0,2550000.0,,80.0,3500.0,,,,
14200071.0,神铸的月泉苦无,2.0,1.0,50.0,5.0,,,,,,,56,1,30626,,115.0,4.0,2250000.0,4500000.0,,80.0,5000.0,,,,
14200072.0,神铸的月泉手里剑,2.0,1.0,50.0,5.0,,,,,,,57,1,32468,,115.0,5.0,2250000.0,4500000.0,,80.0,5000.0,,,,
14200073.0,神铸的月泉卷轴,2.0,1.0,50.0,5.0,,,,,,,58,1,34370,,115.0,6.0,2250000.0,4500000.0,,80.0,5000.0,,,,
14200074.0,神铸的月泉护额,2.0,2.0,50.0,5.0,,,,,,,59,1,36812,,115.0,7.0,2250000.0,4500000.0,,80.0,5000.0,,,,
14200075.0,神铸的月泉胸甲,2.0,3.0,50.0,5.0,,,,,,,60,1,39360,,118.0,4.0,3250000.0,6500000.0,,80.0,5000.0,,,,
14200076.0,神铸的月泉风衣,2.0,4.0,50.0,5.0,,,,,,,61,1,41994,,118.0,5.0,3250000.0,6500000.0,,80.0,5000.0,,,,
14200077.0,神铸的月泉靴,2.0,5.0,50.0,5.0,,,,,,,62,1,44738,,118.0,6.0,3250000.0,6500000.0,,80.0,5000.0,,,,
14200078.0,神铸的月泉腰带,2.0,6.0,50.0,5.0,,,,,,,63,1,47584,,118.0,7.0,3250000.0,6500000.0,,80.0,5000.0,,,,
14200081.0,血炼苦无,2.0,1.0,70.0,4.0,,,,,,,64,1,50538,,120.0,4.0,1750000.0,3500000.0,,90.0,8000.0,,,,
14200082.0,血炼手里剑,2.0,1.0,70.0,4.0,,,,,,,65,1,53598,,120.0,5.0,1750000.0,3500000.0,,90.0,8000.0,,,,
14200083.0,血炼卷轴,2.0,1.0,70.0,4.0,,,,,,,66,1,56781,,120.0,6.0,1750000.0,3500000.0,,90.0,8000.0,,,,
14200084.0,血炼护额,2.0,2.0,70.0,4.0,,,,,,,67,1,60091,,120.0,7.0,1750000.0,3500000.0,,90.0,8000.0,,,,
14200085.0,血炼胸甲,2.0,3.0,70.0,4.0,,,,,,,68,1,63518,,125.0,4.0,2750000.0,5500000.0,,90.0,8000.0,,,,
14200086.0,血炼风衣,2.0,4.0,70.0,4.0,,,,,,,69,1,67951,,125.0,5.0,2750000.0,5500000.0,,90.0,8000.0,,,,
14200087.0,血炼靴,2.0,5.0,70.0,4.0,,,,,,,70,1,72561,,125.0,6.0,2750000.0,5500000.0,,90.0,8000.0,,,,
14200088.0,血炼腰带,2.0,6.0,70.0,4.0,,,,,,,71,1,77354,,125.0,7.0,2750000.0,5500000.0,,90.0,8000.0,,,,
14200091.0,峭岩苦无,2.0,1.0,70.0,5.0,,,,,,,72,1,82336,,130.0,4.0,2750000.0,4500000.0,,90.0,8000.0,,,,
14200092.0,峭岩手里剑,2.0,1.0,70.0,5.0,,,,,,,73,1,87495,,130.0,5.0,2750000.0,4500000.0,,90.0,8000.0,,,,
14200093.0,峭岩卷轴,2.0,1.0,70.0,5.0,,,,,,,74,1,92853,,130.0,6.0,2750000.0,4500000.0,,90.0,8000.0,,,,
14200094.0,峭岩护额,2.0,2.0,70.0,5.0,,,,,,,75,1,98414,,130.0,7.0,2750000.0,4500000.0,,90.0,8000.0,,,,
14200095.0,峭岩胸甲,2.0,3.0,70.0,5.0,,,,,,,76,1,104202,,135.0,4.0,3250000.0,6500000.0,,90.0,8000.0,,,,
14200096.0,峭岩风衣,2.0,4.0,70.0,5.0,,,,,,,77,1,110186,,135.0,5.0,3250000.0,6500000.0,,90.0,8000.0,,,,
14200097.0,峭岩靴,2.0,5.0,70.0,5.0,,,,,,,78,1,116390,,135.0,6.0,3250000.0,6500000.0,,90.0,8000.0,,,,
14200098.0,峭岩腰带,2.0,6.0,70.0,5.0,,,,,,,79,1,122839,,135.0,7.0,3250000.0,6500000.0,,90.0,8000.0,,,,
14200101.0,神铸的峭岩苦无,2.0,1.0,70.0,6.0,,,,,,,80,1,130381,,140.0,4.0,3750000.0,5500000.0,,100.0,10000.0,,,,
14200102.0,神铸的峭岩手里剑,2.0,1.0,70.0,6.0,,,,,,,81,1,138146,,140.0,5.0,3750000.0,5500000.0,,100.0,10000.0,,,,
14200103.0,神铸的峭岩卷轴,2.0,1.0,70.0,6.0,,,,,,,82,1,146095,,140.0,6.0,3750000.0,5500000.0,,100.0,10000.0,,,,
14200104.0,神铸的峭岩护额,2.0,2.0,70.0,6.0,,,,,,,83,1,154298,,140.0,7.0,3750000.0,5500000.0,,100.0,10000.0,,,,
14200105.0,神铸的峭岩胸甲,2.0,3.0,70.0,6.0,,,,,,,84,1,162716,,145.0,4.0,3750000.0,7500000.0,,100.0,10000.0,,,,
14200106.0,神铸的峭岩风衣,2.0,4.0,70.0,6.0,,,,,,,85,1,171374,,145.0,5.0,3750000.0,7500000.0,,100.0,10000.0,,,,
14200107.0,神铸的峭岩靴,2.0,5.0,70.0,6.0,,,,,,,86,1,180252,,145.0,6.0,3750000.0,7500000.0,,100.0,10000.0,,,,
14200108.0,神铸的峭岩腰带,2.0,6.0,70.0,6.0,,,,,,,87,1,189405,,145.0,7.0,3750000.0,7500000.0,,100.0,10000.0,,,,
14200111.0,火锻苦无,2.0,1.0,80.0,4.0,,,,,,,88,1,198787,,150.0,4.0,5750000.0,6500000.0,,100.0,10000.0,,,,
14200112.0,火锻手里剑,2.0,1.0,80.0,4.0,,,,,,,89,1,208453,,150.0,5.0,5750000.0,6500000.0,,100.0,10000.0,,,,
14200113.0,火锻卷轴,2.0,1.0,80.0,4.0,,,,,,,90,1,220587,,150.0,6.0,5750000.0,6500000.0,,100.0,10000.0,,,,
14200114.0,火锻护额,2.0,2.0,80.0,4.0,,,,,,,91,1,233031,,150.0,7.0,5750000.0,6500000.0,,100.0,10000.0,,,,
14200115.0,火锻胸甲,2.0,3.0,80.0,4.0,,,,,,,92,1,245875,,,,,,,100.0,10000.0,,,,
14200116.0,火锻风衣,2.0,4.0,80.0,4.0,,,,,,,93,1,259070,,,,,,,100.0,10000.0,,,,
14200117.0,火锻靴,2.0,5.0,80.0,4.0,,,,,,,94,1,272619,,,,,,,100.0,10000.0,,,,
14200118.0,火锻腰带,2.0,6.0,80.0,4.0,,,,,,,95,1,286563,,,,,,,100.0,10000.0,,,,
14200121.0,水灵苦无,2.0,1.0,80.0,5.0,,,,,,,96,1,300907,,,,,,,110.0,12000.0,,,,
14200122.0,水灵手里剑,2.0,1.0,80.0,5.0,,,,,,,97,1,315657,,,,,,,110.0,12000.0,,,,
14200123.0,水灵卷轴,2.0,1.0,80.0,5.0,,,,,,,98,1,330824,,,,,,,110.0,12000.0,,,,
14200124.0,水灵护额,2.0,2.0,80.0,5.0,,,,,,,99,1,346412,,,,,,,110.0,12000.0,,,,
14200125.0,水灵胸甲,2.0,3.0,80.0,5.0,,,,,,,100,1,365018,,,,,,,110.0,12000.0,,,,
14200126.0,水灵风衣,2.0,4.0,80.0,5.0,,,,,,,101,1,384142,,,,,,,110.0,12000.0,,,,
14200127.0,水灵靴,2.0,5.0,80.0,5.0,,,,,,,102,1,403873,,,,,,,110.0,12000.0,,,,
14200128.0,水灵腰带,2.0,6.0,80.0,5.0,,,,,,,103,1,530131,,,,,,,110.0,12000.0,,,,
14200131.0,神铸的水灵苦无,2.0,1.0,80.0,6.0,,,,,,,104,1,667444,,,,,,,110.0,12000.0,,,,
14200132.0,神铸的水灵手里剑,2.0,1.0,80.0,6.0,,,,,,,105,1,816164,,,,,,,110.0,12000.0,,,,
14200133.0,神铸的水灵卷轴,2.0,1.0,80.0,6.0,,,,,,,106,1,976893,,,,,,,110.0,12000.0,,,,
14200134.0,神铸的水灵护额,2.0,2.0,80.0,6.0,,,,,,,107,1,1073288,,,,,,,110.0,12000.0,,,,
14200135.0,神铸的水灵胸甲,2.0,3.0,80.0,6.0,,,,,,,108,1,1175691,,,,,,,110.0,12000.0,,,,
14200136.0,神铸的水灵风衣,2.0,4.0,80.0,6.0,,,,,,,109,1,1284331,,,,,,,110.0,12000.0,,,,
14200137.0,神铸的水灵靴,2.0,5.0,80.0,6.0,,,,,,,110,1,1399332,,,,,,,110.0,12000.0,,,,
14200138.0,神铸的水灵腰带,2.0,6.0,80.0,6.0,,,,,,,111,1,1521027,,,,,,,110.0,12000.0,,,,
14200141.0,风羽苦无,2.0,1.0,90.0,4.0,,,,,,,112,1,1649538,,,,,,,120.0,15000.0,,,,
14200142.0,风羽手里剑,2.0,1.0,90.0,4.0,,,,,,,113,1,1785349,,,,,,,120.0,15000.0,,,,
14200143.0,风羽卷轴,2.0,1.0,90.0,4.0,,,,,,,114,1,1928592,,,,,,,120.0,15000.0,,,,
14200144.0,风羽护额,2.0,2.0,90.0,4.0,,,,,,,115,1,2079667,,,,,,,120.0,15000.0,,,,
14200145.0,风羽胸甲,2.0,3.0,90.0,4.0,,,,,,,116,1,2238698,,,,,,,120.0,15000.0,,,,
14200146.0,风羽风衣,2.0,4.0,90.0,4.0,,,,,,,117,1,2406109,,,,,,,120.0,15000.0,,,,
14200147.0,风羽靴,2.0,5.0,90.0,4.0,,,,,,,118,1,2582185,,,,,,,120.0,15000.0,,,,
14200148.0,风羽腰带,2.0,6.0,90.0,4.0,,,,,,,119,1,2767218,,,,,,,120.0,15000.0,,,,
14200151.0,雷灵苦无,2.0,1.0,90.0,5.0,,,,,,,120,1,2961686,,,,,,,120.0,15000.0,,,,
14200152.0,雷灵手里剑,2.0,1.0,90.0,5.0,,,,,,,121,1,3165528,,,,,,,120.0,15000.0,,,,
14200153.0,雷灵卷轴,2.0,1.0,90.0,5.0,,,,,,,122,1,3379624,,,,,,,120.0,15000.0,,,,
14200154.0,雷灵护额,2.0,2.0,90.0,5.0,,,,,,,123,1,3604123,,,,,,,120.0,15000.0,,,,
14200155.0,雷灵胸甲,2.0,3.0,90.0,5.0,,,,,,,124,1,3839359,,,,,,,120.0,15000.0,,,,
14200156.0,雷灵风衣,2.0,4.0,90.0,5.0,,,,,,,125,1,4085672,,,,,,,120.0,15000.0,,,,
14200157.0,雷灵靴,2.0,5.0,90.0,5.0,,,,,,,126,1,4343641,,,,,,,120.0,15000.0,,,,
14200158.0,雷灵腰带,2.0,6.0,90.0,5.0,,,,,,,127,1,4500873,,,,,,,120.0,15000.0,,,,
14200161.0,神铸的雷灵苦无,2.0,1.0,90.0,6.0,,,,,,,128,1,4662661,,,,,,,130.0,18000.0,,,,
14200162.0,神铸的雷灵手里剑,2.0,1.0,90.0,6.0,,,,,,,129,1,4828824,,,,,,,130.0,18000.0,,,,
14200163.0,神铸的雷灵卷轴,2.0,1.0,90.0,6.0,,,,,,,130,1,4999412,,,,,,,130.0,18000.0,,,,
14200164.0,神铸的雷灵护额,2.0,2.0,90.0,6.0,,,,,,,131,1,5174731,,,,,,,130.0,18000.0,,,,
14200165.0,神铸的雷灵胸甲,2.0,3.0,90.0,6.0,,,,,,,132,1,5355093,,,,,,,130.0,18000.0,,,,
14200166.0,神铸的雷灵风衣,2.0,4.0,90.0,6.0,,,,,,,133,1,5540052,,,,,,,130.0,18000.0,,,,
14200167.0,神铸的雷灵靴,2.0,5.0,90.0,6.0,,,,,,,134,1,5730174,,,,,,,130.0,18000.0,,,,
14200168.0,神铸的雷灵腰带,2.0,6.0,90.0,6.0,,,,,,,135,1,5925523,,,,,,,130.0,18000.0,,,,
14200171.0,猎魄苦无,2.0,1.0,100.0,4.0,,,,,,,136,1,6126160,,,,,,,130.0,18000.0,,,,
14200172.0,猎魄手里剑,2.0,1.0,100.0,4.0,,,,,,,137,1,6332148,,,,,,,130.0,18000.0,,,,
14200173.0,猎魄卷轴,2.0,1.0,100.0,4.0,,,,,,,138,1,6543816,,,,,,,130.0,18000.0,,,,
14200174.0,猎魄护额,2.0,2.0,100.0,4.0,,,,,,,139,1,6761227,,,,,,,130.0,18000.0,,,,
14200175.0,猎魄胸甲,2.0,3.0,100.0,4.0,,,,,,,140,1,6984450,,,,,,,130.0,18000.0,,,,
14200176.0,猎魄风衣,2.0,4.0,100.0,4.0,,,,,,,141,1,7213821,,,,,,,130.0,18000.0,,,,
14200177.0,猎魄靴,2.0,5.0,100.0,4.0,,,,,,,142,1,7449134,,,,,,,130.0,18000.0,,,,
14200178.0,猎魄腰带,2.0,6.0,100.0,4.0,,,,,,,143,1,7691012,,,,,,,130.0,18000.0,,,,
14200181.0,狩魂苦无,2.0,1.0,100.0,5.0,,,,,,,144,1,7939244,,,,,,,140.0,21000.0,,,,
14200182.0,狩魂手里剑,2.0,1.0,100.0,5.0,,,,,,,145,1,8194183,,,,,,,140.0,21000.0,,,,
14200183.0,狩魂卷轴,2.0,1.0,100.0,5.0,,,,,,,146,1,8456191,,,,,,,140.0,21000.0,,,,
14200184.0,狩魂护额,2.0,2.0,100.0,5.0,,,,,,,147,1,8725050,,,,,,,140.0,21000.0,,,,
14200185.0,狩魂胸甲,2.0,3.0,100.0,5.0,,,,,,,148,1,9000830,,,,,,,140.0,21000.0,,,,
14200186.0,狩魂风衣,2.0,4.0,100.0,5.0,,,,,,,149,1,9284487,,,,,,,140.0,21000.0,,,,
14200187.0,狩魂靴,2.0,5.0,100.0,5.0,,,,,,,150,1,9584487,,,,,,,140.0,21000.0,,,,
14200188.0,狩魂腰带,2.0,6.0,100.0,5.0,,,,,,,151,1,9984487,,,,,,,140.0,21000.0,,,,
14200191.0,神铸的狩魂苦无,2.0,1.0,100.0,6.0,,,,,,,0,2,411,,,,,,,140.0,21000.0,,,,
14200192.0,神铸的狩魂手里剑,2.0,1.0,100.0,6.0,,,,,,,1,2,444,,,,,,,140.0,21000.0,,,,
14200193.0,神铸的狩魂卷轴,2.0,1.0,100.0,6.0,,,,,,,2,2,480,,,,,,,140.0,21000.0,,,,
14200194.0,神铸的狩魂护额,2.0,2.0,100.0,6.0,,,,,,,3,2,519,,,,,,,140.0,21000.0,,,,
14200195.0,神铸的狩魂胸甲,2.0,3.0,100.0,6.0,,,,,,,4,2,561,,,,,,,140.0,21000.0,,,,
14200196.0,神铸的狩魂风衣,2.0,4.0,100.0,6.0,,,,,,,5,2,606,,,,,,,140.0,21000.0,,,,
14200197.0,神铸的狩魂靴,2.0,5.0,100.0,6.0,,,,,,,6,2,655,,,,,,,140.0,21000.0,,,,
14200198.0,神铸的狩魂腰带,2.0,6.0,100.0,6.0,,,,,,,7,2,709,,,,,,,140.0,21000.0,,,,
14200201.0,水烟苦无,2.0,1.0,110.0,4.0,,,,,,,8,2,766,,,,,,,150.0,30000.0,,,,
14200202.0,水烟手里剑,2.0,1.0,110.0,4.0,,,,,,,9,2,828,,,,,,,150.0,30000.0,,,,
14200203.0,水烟卷轴,2.0,1.0,110.0,4.0,,,,,,,10,2,895,,,,,,,150.0,30000.0,,,,
14200204.0,水烟护额,2.0,2.0,110.0,4.0,,,,,,,11,2,967,,,,,,,150.0,30000.0,,,,
14200205.0,水烟胸甲,2.0,3.0,110.0,4.0,,,,,,,12,2,1045,,,,,,,150.0,30000.0,,,,
14200206.0,水烟风衣,2.0,4.0,110.0,4.0,,,,,,,13,2,1129,,,,,,,150.0,30000.0,,,,
14200207.0,水烟靴,2.0,5.0,110.0,4.0,,,,,,,14,2,1221,,,,,,,150.0,30000.0,,,,
14200208.0,水烟腰带,2.0,6.0,110.0,4.0,,,,,,,15,2,1320,,,,,,,150.0,30000.0,,,,
14200211.0,紫炎苦无,2.0,1.0,110.0,5.0,,,,,,,16,2,1426,,,,,,,150.0,30000.0,,,,
14200212.0,紫炎手里剑,2.0,1.0,110.0,5.0,,,,,,,17,2,1542,,,,,,,150.0,30000.0,,,,
14200213.0,紫炎卷轴,2.0,1.0,110.0,5.0,,,,,,,18,2,1666,,,,,,,150.0,30000.0,,,,
14200214.0,紫炎护额,2.0,2.0,110.0,5.0,,,,,,,19,2,1800,,,,,,,150.0,30000.0,,,,
14200215.0,紫炎胸甲,2.0,3.0,110.0,5.0,,,,,,,20,2,1944,,,,,,,150.0,30000.0,,,,
14200216.0,紫炎风衣,2.0,4.0,110.0,5.0,,,,,,,21,2,2100,,,,,,,150.0,30000.0,,,,
14200217.0,紫炎靴,2.0,5.0,110.0,5.0,,,,,,,22,2,2268,,,,,,,150.0,30000.0,,,,
14200218.0,紫炎腰带,2.0,6.0,110.0,5.0,,,,,,,23,2,2449,,,,,,,150.0,30000.0,,,,
14200221.0,神铸的紫炎苦无,2.0,1.0,110.0,6.0,,,,,,,24,2,2646,,,,,,,,,,,,
14200222.0,神铸的紫炎手里剑,2.0,1.0,110.0,6.0,,,,,,,25,2,2859,,,,,,,,,,,,
14200223.0,神铸的紫炎卷轴,2.0,1.0,110.0,6.0,,,,,,,26,2,3088,,,,,,,,,,,,
14200224.0,神铸的紫炎护额,2.0,2.0,110.0,6.0,,,,,,,27,2,3336,,,,,,,,,,,,
14200225.0,神铸的紫炎胸甲,2.0,3.0,110.0,6.0,,,,,,,28,2,3603,,,,,,,,,,,,
14200226.0,神铸的紫炎风衣,2.0,4.0,110.0,6.0,,,,,,,29,2,3892,,,,,,,,,,,,
14200227.0,神铸的紫炎靴,2.0,5.0,110.0,6.0,,,,,,,30,2,4204,,,,,,,,,,,,
14200228.0,神铸的紫炎腰带,2.0,6.0,110.0,6.0,,,,,,,31,2,4542,,,,,,,,,,,,
14210081.0,外道·风魔苦无,2.0,1.0,75.0,7.0,,,,,,,32,2,4906,,,,,,,,,,,,
14210082.0,外道·风魔手里剑,2.0,1.0,75.0,7.0,,,,,,,33,2,6087,,,,,,,,,,,,
14210083.0,外道·风魔卷轴,2.0,1.0,75.0,7.0,,,,,,,34,2,7255,,,,,,,,,,,,
14210084.0,外道·风魔护额,2.0,2.0,75.0,7.0,,,,,,,35,2,8415,,,,,,,,,,,,
14210085.0,外道·风魔胸甲,2.0,3.0,75.0,7.0,,,,,,,36,2,9570,,,,,,,,,,,,
14210086.0,外道·风魔风衣,2.0,4.0,75.0,7.0,,,,,,,37,2,10722,,,,,,,,,,,,
14210087.0,外道·风魔靴,2.0,5.0,75.0,7.0,,,,,,,38,2,11871,,,,,,,,,,,,
14210088.0,外道·风魔腰带,2.0,6.0,75.0,7.0,,,,,,,39,2,13020,,,,,,,,,,,,
14210091.0,封魔·水月苦无,2.0,1.0,85.0,7.0,,,,,,,40,2,14169,,,,,,,,,,,,
14210092.0,封魔·水月手里剑,2.0,1.0,85.0,7.0,,,,,,,41,2,15325,,,,,,,,,,,,
14210093.0,封魔·水月卷轴,2.0,1.0,85.0,7.0,,,,,,,42,2,16492,,,,,,,,,,,,
14210094.0,封魔·水月护额,2.0,2.0,85.0,7.0,,,,,,,43,2,17659,,,,,,,,,,,,
14210095.0,封魔·水月胸甲,2.0,3.0,85.0,7.0,,,,,,,44,2,18838,,,,,,,,,,,,
14210096.0,封魔·水月风衣,2.0,4.0,85.0,7.0,,,,,,,45,2,20031,,,,,,,,,,,,
14210097.0,封魔·水月靴,2.0,5.0,85.0,7.0,,,,,,,46,2,21232,,,,,,,,,,,,
14210098.0,封魔·水月腰带,2.0,6.0,85.0,7.0,,,,,,,47,2,22450,,,,,,,,,,,,
14210101.0,修罗·地藏苦无,2.0,1.0,95.0,7.0,,,,,,,48,2,23679,,,,,,,,,,,,
14210102.0,修罗·地藏手里剑,2.0,1.0,95.0,7.0,,,,,,,49,2,24925,,,,,,,,,,,,
14210103.0,修罗·地藏卷轴,2.0,1.0,95.0,7.0,,,,,,,50,2,26185,,,,,,,,,,,,
14210104.0,修罗·地藏护额,2.0,2.0,95.0,7.0,,,,,,,51,2,28021,,,,,,,,,,,,
14210105.0,修罗·地藏胸甲,2.0,3.0,95.0,7.0,,,,,,,52,2,29916,,,,,,,,,,,,
14210106.0,修罗·地藏风衣,2.0,4.0,95.0,7.0,,,,,,,53,2,31893,,,,,,,,,,,,
14210107.0,修罗·地藏靴,2.0,5.0,95.0,7.0,,,,,,,54,2,33949,,,,,,,,,,,,
14210108.0,修罗·地藏腰带,2.0,6.0,95.0,7.0,,,,,,,55,2,36075,,,,,,,,,,,,
14220011.0,魔域苦无,2.0,1.0,10.0,7.0,,,,,,,56,2,38283,,,,,,,,,,,,
14220012.0,魔域手里剑,2.0,1.0,10.0,7.0,,,,,,,57,2,40585,,,,,,,,,,,,
14220013.0,魔域卷轴,2.0,1.0,10.0,7.0,,,,,,,58,2,42963,,,,,,,,,,,,
14220014.0,魔域护额,2.0,2.0,10.0,7.0,,,,,,,59,2,46015,,,,,,,,,,,,
14220015.0,魔域胸甲,2.0,3.0,10.0,7.0,,,,,,,60,2,49200,,,,,,,,,,,,
14220016.0,魔域风衣,2.0,4.0,10.0,7.0,,,,,,,61,2,52492,,,,,,,,,,,,
14220017.0,魔域靴,2.0,5.0,10.0,7.0,,,,,,,62,2,55923,,,,,,,,,,,,
14220018.0,魔域腰带,2.0,6.0,10.0,7.0,,,,,,,63,2,59481,,,,,,,,,,,,
14220081.0,镜月·破军苦无,2.0,1.0,78.0,7.0,,,,,,,64,2,63172,,,,,,,,,,,,
14220082.0,镜月·破军手里剑,2.0,1.0,78.0,7.0,,,,,,,65,2,66997,,,,,,,,,,,,
14220083.0,镜月·破军卷轴,2.0,1.0,78.0,7.0,,,,,,,66,2,70977,,,,,,,,,,,,
14220084.0,镜月·破军护额,2.0,2.0,78.0,7.0,,,,,,,67,2,75114,,,,,,,,,,,,
14220085.0,镜月·破军胸甲,2.0,3.0,78.0,7.0,,,,,,,68,2,79398,,,,,,,,,,,,
14220086.0,镜月·破军风衣,2.0,4.0,78.0,7.0,,,,,,,69,2,84939,,,,,,,,,,,,
14220087.0,镜月·破军靴,2.0,5.0,78.0,7.0,,,,,,,70,2,90702,,,,,,,,,,,,
14220088.0,镜月·破军腰带,2.0,6.0,78.0,7.0,,,,,,,71,2,96693,,,,,,,,,,,,
14220101.0,血界·破军苦无,2.0,1.0,98.0,7.0,,,,,,,72,2,102921,,,,,,,,,,,,
14220102.0,血界·破军手里剑,2.0,1.0,98.0,7.0,,,,,,,73,2,109369,,,,,,,,,,,,
14220103.0,血界·破军卷轴,2.0,1.0,98.0,7.0,,,,,,,74,2,116067,,,,,,,,,,,,
14220104.0,血界·破军护额,2.0,2.0,98.0,7.0,,,,,,,75,2,123018,,,,,,,,,,,,
14220105.0,血界·破军胸甲,2.0,3.0,98.0,7.0,,,,,,,76,2,130252,,,,,,,,,,,,
14220106.0,血界·破军风衣,2.0,4.0,98.0,7.0,,,,,,,77,2,137733,,,,,,,,,,,,
14220107.0,血界·破军靴,2.0,5.0,98.0,7.0,,,,,,,78,2,145488,,,,,,,,,,,,
14220108.0,血界·破军腰带,2.0,6.0,98.0,7.0,,,,,,,79,2,153549,,,,,,,,,,,,
14220121.0,天谴·破军苦无,2.0,1.0,118.0,7.0,,,,,,,80,2,162976,,,,,,,,,,,,
14220122.0,天谴·破军手里剑,2.0,1.0,118.0,7.0,,,,,,,81,2,172683,,,,,,,,,,,,
14220123.0,天谴·破军卷轴,2.0,1.0,118.0,7.0,,,,,,,82,2,182619,,,,,,,,,,,,
14220124.0,天谴·破军护额,2.0,2.0,118.0,7.0,,,,,,,83,2,192873,,,,,,,,,,,,
14220125.0,天谴·破军胸甲,2.0,3.0,118.0,7.0,,,,,,,84,2,203395,,,,,,,,,,,,
14220126.0,天谴·破军风衣,2.0,4.0,118.0,7.0,,,,,,,85,2,214218,,,,,,,,,,,,
14220127.0,天谴·破军靴,2.0,5.0,118.0,7.0,,,,,,,86,2,225315,,,,,,,,,,,,
14220128.0,天谴·破军腰带,2.0,6.0,118.0,7.0,,,,,,,87,2,236757,,,,,,,,,,,,
14210111.0,万象·天雷苦无,2.0,1.0,105.0,7.0,,,,,,,88,2,248484,,,,,,,,,,,,
14210112.0,万象·天雷手里剑,2.0,1.0,105.0,7.0,,,,,,,89,2,260566,,,,,,,,,,,,
14210113.0,万象·天雷卷轴,2.0,1.0,105.0,7.0,,,,,,,90,2,275734,,,,,,,,,,,,
14210114.0,万象·天雷护额,2.0,2.0,105.0,7.0,,,,,,,91,2,291289,,,,,,,,,,,,
14210115.0,万象·天雷胸甲,2.0,3.0,105.0,7.0,,,,,,,92,2,307344,,,,,,,,,,,,
14210116.0,万象·天雷风衣,2.0,4.0,105.0,7.0,,,,,,,93,2,323838,,,,,,,,,,,,
14210117.0,万象·天雷靴,2.0,5.0,105.0,7.0,,,,,,,94,2,340774,,,,,,,,,,,,
14210118.0,万象·天雷腰带,2.0,6.0,105.0,7.0,,,,,,,95,2,358204,,,,,,,,,,,,
14210121.0,天神·赤炎苦无,2.0,1.0,115.0,7.0,,,,,,,96,2,376134,,,,,,,,,,,,
14210122.0,天神·赤炎手里剑,2.0,1.0,115.0,7.0,,,,,,,97,2,394572,,,,,,,,,,,,
14210123.0,天神·赤炎卷轴,2.0,1.0,115.0,7.0,,,,,,,98,2,413530,,,,,,,,,,,,
14210124.0,天神·赤炎护额,2.0,2.0,115.0,7.0,,,,,,,99,2,433015,,,,,,,,,,,,
14210125.0,天神·赤炎胸甲,2.0,3.0,115.0,7.0,,,,,,,100,2,456273,,,,,,,,,,,,
14210126.0,天神·赤炎风衣,2.0,4.0,115.0,7.0,,,,,,,101,2,480178,,,,,,,,,,,,
14210127.0,天神·赤炎靴,2.0,5.0,115.0,7.0,,,,,,,102,2,504841,,,,,,,,,,,,
14210128.0,天神·赤炎腰带,2.0,6.0,115.0,7.0,,,,,,,103,2,662664,,,,,,,,,,,,
14200231.0,紫菱苦无,2.0,1.0,120.0,4.0,,,,,,,104,2,834306,,,,,,,,,,,,
14200232.0,紫菱手里剑,2.0,1.0,120.0,4.0,,,,,,,105,2,1020205,,,,,,,,,,,,
14200233.0,紫菱卷轴,2.0,1.0,120.0,4.0,,,,,,,106,2,1221117,,,,,,,,,,,,
14200234.0,紫菱护额,2.0,2.0,120.0,4.0,,,,,,,107,2,1341610,,,,,,,,,,,,
14200235.0,紫菱胸甲,2.0,3.0,120.0,4.0,,,,,,,108,2,1469614,,,,,,,,,,,,
14200236.0,紫菱风衣,2.0,4.0,120.0,4.0,,,,,,,109,2,1605414,,,,,,,,,,,,
14200237.0,紫菱靴,2.0,5.0,120.0,4.0,,,,,,,110,2,1749165,,,,,,,,,,,,
14200238.0,紫菱腰带,2.0,6.0,120.0,4.0,,,,,,,111,2,1901284,,,,,,,,,,,,
14200241.0,魇鬼苦无,2.0,1.0,120.0,5.0,,,,,,,112,2,2061922,,,,,,,,,,,,
14200242.0,魇鬼手里剑,2.0,1.0,120.0,5.0,,,,,,,113,2,2231686,,,,,,,,,,,,
14200243.0,魇鬼卷轴,2.0,1.0,120.0,5.0,,,,,,,114,2,2410740,,,,,,,,,,,,
14200244.0,魇鬼护额,2.0,2.0,120.0,5.0,,,,,,,115,2,2599584,,,,,,,,,,,,
14200245.0,魇鬼胸甲,2.0,3.0,120.0,5.0,,,,,,,116,2,2798373,,,,,,,,,,,,
14200246.0,魇鬼风衣,2.0,4.0,120.0,5.0,,,,,,,117,2,3007636,,,,,,,,,,,,
14200247.0,魇鬼靴,2.0,5.0,120.0,5.0,,,,,,,118,2,3227731,,,,,,,,,,,,
14200248.0,魇鬼腰带,2.0,6.0,120.0,5.0,,,,,,,119,2,3459022,,,,,,,,,,,,
14200251.0,神铸的魇鬼苦无,2.0,1.0,120.0,6.0,,,,,,,120,2,3702108,,,,,,,,,,,,
14200252.0,神铸的魇鬼手里剑,2.0,1.0,120.0,6.0,,,,,,,121,2,3956910,,,,,,,,,,,,
14200253.0,神铸的魇鬼卷轴,2.0,1.0,120.0,6.0,,,,,,,122,2,4224531,,,,,,,,,,,,
14200254.0,神铸的魇鬼护额,2.0,2.0,120.0,6.0,,,,,,,123,2,4505154,,,,,,,,,,,,
14200255.0,神铸的魇鬼胸甲,2.0,3.0,120.0,6.0,,,,,,,124,2,4799199,,,,,,,,,,,,
14200256.0,神铸的魇鬼风衣,2.0,4.0,120.0,6.0,,,,,,,125,2,5107090,,,,,,,,,,,,
14200257.0,神铸的魇鬼靴,2.0,5.0,120.0,6.0,,,,,,,126,2,5429551,,,,,,,,,,,,
14200258.0,神铸的魇鬼腰带,2.0,6.0,120.0,6.0,,,,,,,127,2,5626092,,,,,,,,,,,,
14200261.0,鬼丸苦无,2.0,1.0,130.0,4.0,,,,,,,128,2,5828326,,,,,,,,,,,,
14200262.0,鬼丸手里剑,2.0,1.0,130.0,4.0,,,,,,,129,2,6036030,,,,,,,,,,,,
14200263.0,鬼丸卷轴,2.0,1.0,130.0,4.0,,,,,,,130,2,6249265,,,,,,,,,,,,
14200264.0,鬼丸护额,2.0,2.0,130.0,4.0,,,,,,,131,2,6468414,,,,,,,,,,,,
14200265.0,鬼丸胸甲,2.0,3.0,130.0,4.0,,,,,,,132,2,6693867,,,,,,,,,,,,
14200266.0,鬼丸风衣,2.0,4.0,130.0,4.0,,,,,,,133,2,6925065,,,,,,,,,,,,
14200267.0,鬼丸靴,2.0,5.0,130.0,4.0,,,,,,,134,2,7162717,,,,,,,,,,,,
14200268.0,鬼丸腰带,2.0,6.0,130.0,4.0,,,,,,,135,2,7406904,,,,,,,,,,,,
14200271.0,慑魂苦无,2.0,1.0,130.0,5.0,,,,,,,136,2,7657701,,,,,,,,,,,,
14200272.0,慑魂手里剑,2.0,1.0,130.0,5.0,,,,,,,137,2,7915185,,,,,,,,,,,,
14200273.0,慑魂卷轴,2.0,1.0,130.0,5.0,,,,,,,138,2,8179770,,,,,,,,,,,,
14200274.0,慑魂护额,2.0,2.0,130.0,5.0,,,,,,,139,2,8451534,,,,,,,,,,,,
14200275.0,慑魂胸甲,2.0,3.0,130.0,5.0,,,,,,,140,2,8730562,,,,,,,,,,,,
14200276.0,慑魂风衣,2.0,4.0,130.0,5.0,,,,,,,141,2,9017277,,,,,,,,,,,,
14200277.0,慑魂靴,2.0,5.0,130.0,5.0,,,,,,,142,2,9311418,,,,,,,,,,,,
14200278.0,慑魂腰带,2.0,6.0,130.0,5.0,,,,,,,143,2,9613765,,,,,,,,,,,,
14200281.0,神铸的慑魂苦无,2.0,1.0,130.0,6.0,,,,,,,144,2,9924055,,,,,,,,,,,,
14200282.0,神铸的慑魂手里剑,2.0,1.0,130.0,6.0,,,,,,,145,2,10242729,,,,,,,,,,,,
14200283.0,神铸的慑魂卷轴,2.0,1.0,130.0,6.0,,,,,,,146,2,10570239,,,,,,,,,,,,
14200284.0,神铸的慑魂护额,2.0,2.0,130.0,6.0,,,,,,,147,2,10906312,,,,,,,,,,,,
14200285.0,神铸的慑魂胸甲,2.0,3.0,130.0,6.0,,,,,,,148,2,11251038,,,,,,,,,,,,
14200286.0,神铸的慑魂风衣,2.0,4.0,130.0,6.0,,,,,,,149,2,11605609,,,,,,,,,,,,
14200287.0,神铸的慑魂靴,2.0,5.0,130.0,6.0,,,,,,,150,2,12005609,,,,,,,,,,,,
14200288.0,神铸的慑魂腰带,2.0,6.0,130.0,6.0,,,,,,,151,2,12405609,,,,,,,,,,,,
14200291.0,赤鬼苦无,2.0,1.0,140.0,4.0,,,,,,,0,3,520,,,,,,,,,,,,
14200292.0,赤鬼手里剑,2.0,1.0,140.0,4.0,,,,,,,1,3,562,,,,,,,,,,,,
14200293.0,赤鬼卷轴,2.0,1.0,140.0,4.0,,,,,,,2,3,608,,,,,,,,,,,,
14200294.0,赤鬼护额,2.0,2.0,140.0,4.0,,,,,,,3,3,657,,,,,,,,,,,,
14200295.0,赤鬼胸甲,2.0,3.0,140.0,4.0,,,,,,,4,3,710,,,,,,,,,,,,
14200296.0,赤鬼风衣,2.0,4.0,140.0,4.0,,,,,,,5,3,767,,,,,,,,,,,,
14200297.0,赤鬼靴,2.0,5.0,140.0,4.0,,,,,,,6,3,830,,,,,,,,,,,,
14200298.0,赤鬼腰带,2.0,6.0,140.0,4.0,,,,,,,7,3,898,,,,,,,,,,,,
14200301.0,三日月苦无,2.0,1.0,140.0,5.0,,,,,,,8,3,970,,,,,,,,,,,,
14200302.0,三日月手里剑,2.0,1.0,140.0,5.0,,,,,,,9,3,1048,,,,,,,,,,,,
14200303.0,三日月卷轴,2.0,1.0,140.0,5.0,,,,,,,10,3,1134,,,,,,,,,,,,
14200304.0,三日月护额,2.0,2.0,140.0,5.0,,,,,,,11,3,1225,,,,,,,,,,,,
14200305.0,三日月胸甲,2.0,3.0,140.0,5.0,,,,,,,12,3,1324,,,,,,,,,,,,
14200306.0,三日月风衣,2.0,4.0,140.0,5.0,,,,,,,13,3,1430,,,,,,,,,,,,
14200307.0,三日月靴,2.0,5.0,140.0,5.0,,,,,,,14,3,1546,,,,,,,,,,,,
14200308.0,三日月腰带,2.0,6.0,140.0,5.0,,,,,,,15,3,1672,,,,,,,,,,,,
14200311.0,神铸的三日月苦无,2.0,1.0,140.0,6.0,,,,,,,16,3,1806,,,,,,,,,,,,
14200312.0,神铸的三日月手里剑,2.0,1.0,140.0,6.0,,,,,,,17,3,1953,,,,,,,,,,,,
14200313.0,神铸的三日月卷轴,2.0,1.0,140.0,6.0,,,,,,,18,3,2110,,,,,,,,,,,,
14200314.0,神铸的三日月护额,2.0,2.0,140.0,6.0,,,,,,,19,3,2280,,,,,,,,,,,,
14200315.0,神铸的三日月胸甲,2.0,3.0,140.0,6.0,,,,,,,20,3,2462,,,,,,,,,,,,
14200316.0,神铸的三日月风衣,2.0,4.0,140.0,6.0,,,,,,,21,3,2660,,,,,,,,,,,,
14200317.0,神铸的三日月靴,2.0,5.0,140.0,6.0,,,,,,,22,3,2872,,,,,,,,,,,,
14200318.0,神铸的三日月腰带,2.0,6.0,140.0,6.0,,,,,,,23,3,3102,,,,,,,,,,,,
14200321.0,150紫苦无,2.0,1.0,150.0,4.0,,,,,,,24,3,3351,,,,,,,,,,,,
14200322.0,150紫手里剑,2.0,1.0,150.0,4.0,,,,,,,25,3,3621,,,,,,,,,,,,
14200323.0,150紫卷轴,2.0,1.0,150.0,4.0,,,,,,,26,3,3912,,,,,,,,,,,,
14200324.0,150紫护额,2.0,2.0,150.0,4.0,,,,,,,27,3,4225,,,,,,,,,,,,
14200325.0,150紫胸甲,2.0,3.0,150.0,4.0,,,,,,,28,3,4563,,,,,,,,,,,,
14200326.0,150紫风衣,2.0,4.0,150.0,4.0,,,,,,,29,3,4930,,,,,,,,,,,,
14200327.0,150紫靴,2.0,5.0,150.0,4.0,,,,,,,30,3,5325,,,,,,,,,,,,
14200328.0,150紫腰带,2.0,6.0,150.0,4.0,,,,,,,31,3,5753,,,,,,,,,,,,
14200331.0,150金苦无,2.0,1.0,150.0,5.0,,,,,,,32,3,6214,,,,,,,,,,,,
14200332.0,150金手里剑,2.0,1.0,150.0,5.0,,,,,,,33,3,7710,,,,,,,,,,,,
14200333.0,150金卷轴,2.0,1.0,150.0,5.0,,,,,,,34,3,9190,,,,,,,,,,,,
14200334.0,150金护额,2.0,2.0,150.0,5.0,,,,,,,35,3,10659,,,,,,,,,,,,
14200335.0,150金胸甲,2.0,3.0,150.0,5.0,,,,,,,36,3,12122,,,,,,,,,,,,
14200336.0,150金风衣,2.0,4.0,150.0,5.0,,,,,,,37,3,13581,,,,,,,,,,,,
14200337.0,150金靴,2.0,5.0,150.0,5.0,,,,,,,38,3,15036,,,,,,,,,,,,
14200338.0,150金腰带,2.0,6.0,150.0,5.0,,,,,,,39,3,16492,,,,,,,,,,,,
14200341.0,神铸的150金苦无,2.0,1.0,150.0,6.0,,,,,,,40,3,17947,,,,,,,,,,,,
14200342.0,神铸的150金手里剑,2.0,1.0,150.0,6.0,,,,,,,41,3,19412,,,,,,,,,,,,
14200343.0,神铸的150金卷轴,2.0,1.0,150.0,6.0,,,,,,,42,3,20890,,,,,,,,,,,,
14200344.0,神铸的150金护额,2.0,2.0,150.0,6.0,,,,,,,43,3,22368,,,,,,,,,,,,
14200345.0,神铸的150金胸甲,2.0,3.0,150.0,6.0,,,,,,,44,3,23862,,,,,,,,,,,,
14200346.0,神铸的150金风衣,2.0,4.0,150.0,6.0,,,,,,,45,3,25372,,,,,,,,,,,,
14200347.0,神铸的150金靴,2.0,5.0,150.0,6.0,,,,,,,46,3,26894,,,,,,,,,,,,
14200348.0,神铸的150金腰带,2.0,6.0,150.0,6.0,,,,,,,47,3,28437,,,,,,,,,,,,
14210041.0,火の暗部苦无,2.0,1.0,20.0,6.0,,,,,,,48,3,29993,,,,,,,,,,,,
14210042.0,火の暗部手里剑,2.0,1.0,20.0,6.0,,,,,,,49,3,31572,,,,,,,,,,,,
14210043.0,火の暗部卷轴,2.0,1.0,20.0,6.0,,,,,,,50,3,33168,,,,,,,,,,,,
14210044.0,火の暗部护额,2.0,2.0,20.0,6.0,,,,,,,51,3,35493,,,,,,,,,,,,
14210045.0,火の暗部胸甲,2.0,3.0,20.0,6.0,,,,,,,52,3,37893,,,,,,,,,,,,
14210046.0,火の暗部风衣,2.0,4.0,20.0,6.0,,,,,,,53,3,40397,,,,,,,,,,,,
14210047.0,火の暗部靴,2.0,5.0,20.0,6.0,,,,,,,54,3,43002,,,,,,,,,,,,
14210048.0,火の暗部腰带,2.0,6.0,20.0,6.0,,,,,,,55,3,45695,,,,,,,,,,,,
,,,,,,,,,,,,56,3,48491,,,,,,,,,,,,
,,,,,,,,,,,,57,3,51408,,,,,,,,,,,,
,,,,,,,,,,,,58,3,54419,,,,,,,,,,,,
,,,,,,,,,,,,59,3,58286,,,,,,,,,,,,
,,,,,,,,,,,,60,3,62320,,,,,,,,,,,,
,,,,,,,,,,,,61,3,66490,,,,,,,,,,,,
,,,,,,,,,,,,62,3,70835,,,,,,,,,,,,
,,,,,,,,,,,,63,3,75342,,,,,,,,,,,,
,,,,,,,,,,,,64,3,80018,,,,,,,,,,,,
,六道·仙鬼·,,,,,,,,,,,65,3,84863,,,,,,,,,,,,
,,,,,,,,,,,,66,3,89904,,,,,,,,,,,,
,,,,,,,,,,,,67,3,95144,,,,,,,,,,,,
,,,,,,,,,,,,68,3,100570,,,,,,,,,,,,
,,,,,,,,,,,,69,3,107589,,,,,,,,,,,,
,,,,,,,,,,,,70,3,114889,,,,,,,,,,,,
120.0,紫菱,,,,,,,,,,,71,3,122477,,,,,,,,,,,,
,魇鬼,,,,,,,,,,,72,3,130366,,,,,,,,,,,,
,,,,,,,,,,,,73,3,138534,,,,,,,,,,,,
,,,,,,,,,,,,74,3,147018,,,,,,,,,,,,
,,,,,,,,,,,,75,3,155822,,,,,,,,,,,,
,,,,,,,,,,,,76,3,164986,,,,,,,,,,,,
,,,,,,,,,,,,77,3,174461,,,,,,,,,,,,
,,,,,,,,,,,,78,3,184284,,,,,,,,,,,,
,,,,,,,,,,,,79,3,194495,,,,,,,,,,,,
,,,,,,,,,,,,80,3,206436,,,,,,,,,,,,
,,,,,,,,,,,,81,3,218731,,,,,,,,,,,,
,,,,,,,,,,,,82,3,231317,,,,,,,,,,,,
,,,,,,,,,,,,83,3,244305,,,,,,,,,,,,
,,,,,,,,,,,,84,3,257634,,,,,,,,,,,,
,,,,,,,,,,,,85,3,271342,,,,,,,,,,,,
,,,,,,,,,,,,86,3,285399,,,,,,,,,,,,
,,,,,,,,,,,,87,3,299892,,,,,,,,,,,,
,,,,,,,,,,,,88,3,314746,,,,,,,,,,,,
,,,,,,,,,,,,89,3,330050,,,,,,,,,,,,
,,,,,,,,,,,,90,3,349263,,,,,,,,,,,,
,,,,,,,,,,,,91,3,368966,,,,,,,,,,,,
,,,,,,,,,,,,92,3,389302,,,,,,,,,,,,
,,,,,,,,,,,,93,3,410194,,,,,,,,,,,,
,,,,,,,,,,,,94,3,431647,,,,,,,,,,,,
,,,,,,,,,,,,95,3,453725,,,,,,,,,,,,
,,,,,,,,,,,,96,3,476436,,,,,,,,,,,,
,,,,,,,,,,,,97,3,499791,,,,,,,,,,,,
,,,,,,,,,,,,98,3,523805,,,,,,,,,,,,
,,,,,,,,,,,,99,3,548486,,,,,,,,,,,,
,,,,,,,,,,,,100,3,577945,,,,,,,,,,,,
,,,,,,,,,,,,101,3,608226,,,,,,,,,,,,
,,,,,,,,,,,,102,3,639465,,,,,,,,,,,,
,,,,,,,,,,,,103,3,839374,,,,,,,,,,,,
,,,,,,,,,,,,104,3,1056787,,,,,,,,,,,,
,,,,,,,,,,,,105,3,1292260,,,,,,,,,,,,
,,,,,,,,,,,,106,3,1546748,,,,,,,,,,,,
,,,,,,,,,,,,107,3,1699373,,,,,,,,,,,,
,,,,,,,,,,,,108,3,1861511,,,,,,,,,,,,
,,,,,,,,,,,,109,3,2033524,,,,,,,,,,,,
,,,,,,,,,,,,110,3,2215609,,,,,,,,,,,,
,,,,,,,,,,,,111,3,2408293,,,,,,,,,,,,
,,,,,,,,,,,,112,3,2611768,,,,,,,,,,,,
,,,,,,,,,,,,113,3,2826802,,,,,,,,,,,,
,,,,,,,,,,,,114,3,3053604,,,,,,,,,,,,
,,,,,,,,,,,,115,3,3292806,,,,,,,,,,,,
,,,,,,,,,,,,116,3,3544605,,,,,,,,,,,,
,,,,,,,,,,,,117,3,3809672,,,,,,,,,,,,
,,,,,,,,,,,,118,3,4088459,,,,,,,,,,,,
,,,,,,,,,,,,119,3,4381428,,,,,,,,,,,,
,,,,,,,,,,,,120,3,4689336,,,,,,,,,,,,
,,,,,,,,,,,,121,3,5012086,,,,,,,,,,,,
,,,,,,,,,,,,122,3,5351072,,,,,,,,,,,,
,,,,,,,,,,,,123,3,5706528,,,,,,,,,,,,
,,,,,,,,,,,,124,3,6078985,,,,,,,,,,,,
,,,,,,,,,,,,125,3,6468981,,,,,,,,,,,,
,,,,,,,,,,,,126,3,6877431,,,,,,,,,,,,
,,,,,,,,,,,,127,3,7126383,,,,,,,,,,,,
,,,,,,,,,,,,128,3,7382546,,,,,,,,,,,,
,,,,,,,,,,,,129,3,7645638,,,,,,,,,,,,
,,,,,,,,,,,,130,3,7915736,,,,,,,,,,,,
,,,,,,,,,,,,131,3,8193324,,,,,,,,,,,,
,,,,,,,,,,,,132,3,8478898,,,,,,,,,,,,
,,,,,,,,,,,,133,3,8771749,,,,,,,,,,,,
,,,,,,,,,,,,134,3,9072775,,,,,,,,,,,,
,,,,,,,,,,,,135,3,9382078,,,,,,,,,,,,
,,,,,,,,,,,,136,3,9699754,,,,,,,,,,,,
,,,,,,,,,,,,137,3,10025901,,,,,,,,,,,,
,,,,,,,,,,,,138,3,10361042,,,,,,,,,,,,
,,,,,,,,,,,,139,3,10705276,,,,,,,,,,,,
,,,,,,,,,,,,140,3,11058712,,,,,,,,,,,,
,,,,,,,,,,,,141,3,11421884,,,,,,,,,,,,
,,,,,,,,,,,,142,3,11794462,,,,,,,,,,,,
,,,,,,,,,,,,143,3,12177436,,,,,,,,,,,,
,,,,,,,,,,,,144,3,12570470,,,,,,,,,,,,
,,,,,,,,,,,,145,3,12974123,,,,,,,,,,,,
,,,,,,,,,,,,146,3,13388969,,,,,,,,,,,,
,,,,,,,,,,,,147,3,13814662,,,,,,,,,,,,
,,,,,,,,,,,,148,3,14251314,,,,,,,,,,,,
,,,,,,,,,,,,149,3,14700438,,,,,,,,,,,,
,,,,,,,,,,,,150,3,15149562,,,,,,,,,,,,
,,,,,,,,,,,,151,3,15598686,,,,,,,,,,,,
,,,,,,,,,,,,0,4,657,,,,,,,,,,,,
,,,,,,,,,,,,1,4,710,,,,,,,,,,,,
,,,,,,,,,,,,2,4,768,,,,,,,,,,,,
,,,,,,,,,,,,3,4,830,,,,,,,,,,,,
,,,,,,,,,,,,4,4,897,,,,,,,,,,,,
,,,,,,,,,,,,5,4,969,,,,,,,,,,,,
,,,,,,,,,,,,6,4,1048,,,,,,,,,,,,
,,,,,,,,,,,,7,4,1135,,,,,,,,,,,,
,,,,,,,,,,,,8,4,1226,,,,,,,,,,,,
,,,,,,,,,,,,9,4,1324,,,,,,,,,,,,
,,,,,,,,,,,,10,4,1432,,,,,,,,,,,,
,,,,,,,,,,,,11,4,1548,,,,,,,,,,,,
,,,,,,,,,,,,12,4,1672,,,,,,,,,,,,
,,,,,,,,,,,,13,4,1807,,,,,,,,,,,,
,,,,,,,,,,,,14,4,1953,,,,,,,,,,,,
,,,,,,,,,,,,15,4,2112,,,,,,,,,,,,
,,,,,,,,,,,,16,4,2282,,,,,,,,,,,,
,,,,,,,,,,,,17,4,2467,,,,,,,,,,,,
,,,,,,,,,,,,18,4,2666,,,,,,,,,,,,
,,,,,,,,,,,,19,4,2880,,,,,,,,,,,,
,,,,,,,,,,,,20,4,3110,,,,,,,,,,,,
,,,,,,,,,,,,21,4,3360,,,,,,,,,,,,
,,,,,,,,,,,,22,4,3628,,,,,,,,,,,,
,,,,,,,,,,,,23,4,3919,,,,,,,,,,,,
,,,,,,,,,,,,24,4,4233,,,,,,,,,,,,
,,,,,,,,,,,,25,4,4574,,,,,,,,,,,,
,,,,,,,,,,,,26,4,4941,,,,,,,,,,,,
,,,,,,,,,,,,27,4,5337,,,,,,,,,,,,
,,,,,,,,,,,,28,4,5764,,,,,,,,,,,,
,,,,,,,,,,,,29,4,6228,,,,,,,,,,,,
,,,,,,,,,,,,30,4,6727,,,,,,,,,,,,
,,,,,,,,,,,,31,4,7267,,,,,,,,,,,,
,,,,,,,,,,,,32,4,7850,,,,,,,,,,,,
,,,,,,,,,,,,33,4,9739,,,,,,,,,,,,
,,,,,,,,,,,,34,4,11608,,,,,,,,,,,,
,,,,,,,,,,,,35,4,13464,,,,,,,,,,,,
,,,,,,,,,,,,36,4,15312,,,,,,,,,,,,
,,,,,,,,,,,,37,4,17155,,,,,,,,,,,,
,,,,,,,,,,,,38,4,18993,,,,,,,,,,,,
,,,,,,,,,,,,39,4,20832,,,,,,,,,,,,
,,,,,,,,,,,,40,4,22670,,,,,,,,,,,,
,,,,,,,,,,,,41,4,24520,,,,,,,,,,,,
,,,,,,,,,,,,42,4,26388,,,,,,,,,,,,
,,,,,,,,,,,,43,4,28255,,,,,,,,,,,,
,,,,,,,,,,,,44,4,30141,,,,,,,,,,,,
,,,,,,,,,,,,45,4,32049,,,,,,,,,,,,
,,,,,,,,,,,,46,4,33972,,,,,,,,,,,,
,,,,,,,,,,,,47,4,35920,,,,,,,,,,,,
,,,,,,,,,,,,48,4,37886,,,,,,,,,,,,
,,,,,,,,,,,,49,4,39880,,,,,,,,,,,,
,,,,,,,,,,,,50,4,41896,,,,,,,,,,,,
,,,,,,,,,,,,51,4,44834,,,,,,,,,,,,
,,,,,,,,,,,,52,4,47865,,,,,,,,,,,,
,,,,,,,,,,,,53,4,51028,,,,,,,,,,,,
,,,,,,,,,,,,54,4,54319,,,,,,,,,,,,
,,,,,,,,,,,,55,4,57720,,,,,,,,,,,,
,,,,,,,,,,,,56,4,61252,,,,,,,,,,,,
,,,,,,,,,,,,57,4,64936,,,,,,,,,,,,
,,,,,,,,,,,,58,4,68740,,,,,,,,,,,,
,,,,,,,,,,,,59,4,73624,,,,,,,,,,,,
,,,,,,,,,,,,60,4,78720,,,,,,,,,,,,
,,,,,,,,,,,,61,4,83988,,,,,,,,,,,,
,,,,,,,,,,,,62,4,89476,,,,,,,,,,,,
,,,,,,,,,,,,63,4,95169,,,,,,,,,,,,
,,,,,,,,,,,,64,4,101076,,,,,,,,,,,,
,,,,,,,,,,,,65,4,107196,,,,,,,,,,,,
,,,,,,,,,,,,66,4,113563,,,,,,,,,,,,
,,,,,,,,,,,,67,4,120182,,,,,,,,,,,,
,,,,,,,,,,,,68,4,127036,,,,,,,,,,,,
,,,,,,,,,,,,69,4,135902,,,,,,,,,,,,
,,,,,,,,,,,,70,4,145123,,,,,,,,,,,,
,,,,,,,,,,,,71,4,154708,,,,,,,,,,,,
,,,,,,,,,,,,72,4,164673,,,,,,,,,,,,
,,,,,,,,,,,,73,4,174991,,,,,,,,,,,,
,,,,,,,,,,,,74,4,185707,,,,,,,,,,,,
,,,,,,,,,,,,75,4,196828,,,,,,,,,,,,
,,,,,,,,,,,,76,4,208404,,,,,,,,,,,,
,,,,,,,,,,,,77,4,220372,,,,,,,,,,,,
,,,,,,,,,,,,78,4,232780,,,,,,,,,,,,
,,,,,,,,,,,,79,4,245678,,,,,,,,,,,,
,,,,,,,,,,,,80,4,260762,,,,,,,,,,,,
,,,,,,,,,,,,81,4,276292,,,,,,,,,,,,
,,,,,,,,,,,,82,4,292190,,,,,,,,,,,,
,,,,,,,,,,,,83,4,308596,,,,,,,,,,,,
,,,,,,,,,,,,84,4,325432,,,,,,,,,,,,
,,,,,,,,,,,,85,4,342748,,,,,,,,,,,,
,,,,,,,,,,,,86,4,360504,,,,,,,,,,,,
,,,,,,,,,,,,87,4,378811,,,,,,,,,,,,
,,,,,,,,,,,,88,4,397574,,,,,,,,,,,,
,,,,,,,,,,,,89,4,416906,,,,,,,,,,,,
,,,,,,,,,,,,90,4,441175,,,,,,,,,,,,
,,,,,,,,,,,,91,4,466063,,,,,,,,,,,,
,,,,,,,,,,,,92,4,491750,,,,,,,,,,,,
,,,,,,,,,,,,93,4,518140,,,,,,,,,,,,
,,,,,,,,,,,,94,4,545239,,,,,,,,,,,,
,,,,,,,,,,,,95,4,573127,,,,,,,,,,,,
,,,,,,,,,,,,96,4,601814,,,,,,,,,,,,
,,,,,,,,,,,,97,4,631315,,,,,,,,,,,,
,,,,,,,,,,,,98,4,661648,,,,,,,,,,,,
,,,,,,,,,,,,99,4,692824,,,,,,,,,,,,
,,,,,,,,,,,,100,4,730036,,,,,,,,,,,,
,,,,,,,,,,,,101,4,768285,,,,,,,,,,,,
,,,,,,,,,,,,102,4,807746,,,,,,,,,,,,
,,,,,,,,,,,,103,4,1060262,,,,,,,,,,,,
,,,,,,,,,,,,104,4,1334889,,,,,,,,,,,,
,,,,,,,,,,,,105,4,1632328,,,,,,,,,,,,
,,,,,,,,,,,,106,4,1953787,,,,,,,,,,,,
,,,,,,,,,,,,107,4,2146576,,,,,,,,,,,,
,,,,,,,,,,,,108,4,2351383,,,,,,,,,,,,
,,,,,,,,,,,,109,4,2568662,,,,,,,,,,,,
,,,,,,,,,,,,110,4,2798664,,,,,,,,,,,,
,,,,,,,,,,,,111,4,3042055,,,,,,,,,,,,
,,,,,,,,,,,,112,4,3299076,,,,,,,,,,,,
,,,,,,,,,,,,113,4,3570698,,,,,,,,,,,,
,,,,,,,,,,,,114,4,3857184,,,,,,,,,,,,
,,,,,,,,,,,,115,4,4159334,,,,,,,,,,,,
,,,,,,,,,,,,116,4,4477396,,,,,,,,,,,,
,,,,,,,,,,,,117,4,4812218,,,,,,,,,,,,
,,,,,,,,,,,,118,4,5164370,,,,,,,,,,,,
,,,,,,,,,,,,119,4,5534436,,,,,,,,,,,,
,,,,,,,,,,,,120,4,5923372,,,,,,,,,,,,
,,,,,,,,,,,,121,4,6331056,,,,,,,,,,,,
,,,,,,,,,,,,122,4,6759249,,,,,,,,,,,,
,,,,,,,,,,,,123,4,7208246,,,,,,,,,,,,
,,,,,,,,,,,,124,4,7678718,,,,,,,,,,,,
,,,,,,,,,,,,125,4,8171344,,,,,,,,,,,,
,,,,,,,,,,,,126,4,8687282,,,,,,,,,,,,
,,,,,,,,,,,,127,4,9001747,,,,,,,,,,,,
,,,,,,,,,,,,128,4,9325322,,,,,,,,,,,,
,,,,,,,,,,,,129,4,9657648,,,,,,,,,,,,
,,,,,,,,,,,,130,4,9998824,,,,,,,,,,,,
,,,,,,,,,,,,131,4,10349462,,,,,,,,,,,,
,,,,,,,,,,,,132,4,10710187,,,,,,,,,,,,
,,,,,,,,,,,,133,4,11080104,,,,,,,,,,,,
,,,,,,,,,,,,134,4,11460348,,,,,,,,,,,,
,,,,,,,,,,,,135,4,11851046,,,,,,,,,,,,
,,,,,,,,,,,,136,4,12252321,,,,,,,,,,,,
,,,,,,,,,,,,137,4,12664296,,,,,,,,,,,,
,,,,,,,,,,,,138,4,13087632,,,,,,,,,,,,
,,,,,,,,,,,,139,4,13522454,,,,,,,,,,,,
,,,,,,,,,,,,140,4,13968900,,,,,,,,,,,,
,,,,,,,,,,,,141,4,14427643,,,,,,,,,,,,
,,,,,,,,,,,,142,4,14898268,,,,,,,,,,,,
,,,,,,,,,,,,143,4,15382024,,,,,,,,,,,,
,,,,,,,,,,,,144,4,15878488,,,,,,,,,,,,
,,,,,,,,,,,,145,4,16388366,,,,,,,,,,,,
,,,,,,,,,,,,146,4,16912382,,,,,,,,,,,,
,,,,,,,,,,,,147,4,17450100,,,,,,,,,,,,
,,,,,,,,,,,,148,4,18001660,,,,,,,,,,,,
,,,,,,,,,,,,149,4,18568975,,,,,,,,,,,,
,,,,,,,,,,,,150,4,19136290,,,,,,,,,,,,
,,,,,,,,,,,,151,4,19703605,,,,,,,,,,,,
,,,,,,,,,,,,0,5,822,,,,,,,,,,,,
,,,,,,,,,,,,1,5,888,,,,,,,,,,,,
,,,,,,,,,,,,2,5,960,,,,,,,,,,,,
,,,,,,,,,,,,3,5,1038,,,,,,,,,,,,
,,,,,,,,,,,,4,5,1122,,,,,,,,,,,,
,,,,,,,,,,,,5,5,1212,,,,,,,,,,,,
,,,,,,,,,,,,6,5,1311,,,,,,,,,,,,
,,,,,,,,,,,,7,5,1419,,,,,,,,,,,,
,,,,,,,,,,,,8,5,1533,,,,,,,,,,,,
,,,,,,,,,,,,9,5,1656,,,,,,,,,,,,
,,,,,,,,,,,,10,5,1791,,,,,,,,,,,,
,,,,,,,,,,,,11,5,1935,,,,,,,,,,,,
,,,,,,,,,,,,12,5,2091,,,,,,,,,,,,
,,,,,,,,,,,,13,5,2259,,,,,,,,,,,,
,,,,,,,,,,,,14,5,2442,,,,,,,,,,,,
,,,,,,,,,,,,15,5,2640,,,,,,,,,,,,
,,,,,,,,,,,,16,5,2853,,,,,,,,,,,,
,,,,,,,,,,,,17,5,3084,,,,,,,,,,,,
,,,,,,,,,,,,18,5,3333,,,,,,,,,,,,
,,,,,,,,,,,,19,5,3600,,,,,,,,,,,,
,,,,,,,,,,,,20,5,3888,,,,,,,,,,,,
,,,,,,,,,,,,21,5,4200,,,,,,,,,,,,
,,,,,,,,,,,,22,5,4536,,,,,,,,,,,,
,,,,,,,,,,,,23,5,4899,,,,,,,,,,,,
,,,,,,,,,,,,24,5,5292,,,,,,,,,,,,
,,,,,,,,,,,,25,5,5718,,,,,,,,,,,,
,,,,,,,,,,,,26,5,6177,,,,,,,,,,,,
,,,,,,,,,,,,27,5,6672,,,,,,,,,,,,
,,,,,,,,,,,,28,5,7206,,,,,,,,,,,,
,,,,,,,,,,,,29,5,7785,,,,,,,,,,,,
,,,,,,,,,,,,30,5,8409,,,,,,,,,,,,
,,,,,,,,,,,,31,5,9084,,,,,,,,,,,,
,,,,,,,,,,,,32,5,9813,,,,,,,,,,,,
,,,,,,,,,,,,33,5,12174,,,,,,,,,,,,
,,,,,,,,,,,,34,5,14511,,,,,,,,,,,,
,,,,,,,,,,,,35,5,16830,,,,,,,,,,,,
,,,,,,,,,,,,36,5,19140,,,,,,,,,,,,
,,,,,,,,,,,,37,5,21444,,,,,,,,,,,,
,,,,,,,,,,,,38,5,23742,,,,,,,,,,,,
,,,,,,,,,,,,39,5,26040,,,,,,,,,,,,
,,,,,,,,,,,,40,5,28338,,,,,,,,,,,,
,,,,,,,,,,,,41,5,30651,,,,,,,,,,,,
,,,,,,,,,,,,42,5,32985,,,,,,,,,,,,
,,,,,,,,,,,,43,5,35319,,,,,,,,,,,,
,,,,,,,,,,,,44,5,37677,,,,,,,,,,,,
,,,,,,,,,,,,45,5,40062,,,,,,,,,,,,
,,,,,,,,,,,,46,5,42465,,,,,,,,,,,,
,,,,,,,,,,,,47,5,44901,,,,,,,,,,,,
,,,,,,,,,,,,48,5,47358,,,,,,,,,,,,
,,,,,,,,,,,,49,5,49851,,,,,,,,,,,,
,,,,,,,,,,,,50,5,52371,,,,,,,,,,,,
,,,,,,,,,,,,51,5,56043,,,,,,,,,,,,
,,,,,,,,,,,,52,5,59832,,,,,,,,,,,,
,,,,,,,,,,,,53,5,63786,,,,,,,,,,,,
,,,,,,,,,,,,54,5,67899,,,,,,,,,,,,
,,,,,,,,,,,,55,5,72150,,,,,,,,,,,,
,,,,,,,,,,,,56,5,76566,,,,,,,,,,,,
,,,,,,,,,,,,57,5,81171,,,,,,,,,,,,
,,,,,,,,,,,,58,5,85926,,,,,,,,,,,,
,,,,,,,,,,,,59,5,92031,,,,,,,,,,,,
,,,,,,,,,,,,60,5,98400,,,,,,,,,,,,
,,,,,,,,,,,,61,5,104985,,,,,,,,,,,,
,,,,,,,,,,,,62,5,111846,,,,,,,,,,,,
,,,,,,,,,,,,63,5,118962,,,,,,,,,,,,
,,,,,,,,,,,,64,5,126345,,,,,,,,,,,,
,,,,,,,,,,,,65,5,133995,,,,,,,,,,,,
,,,,,,,,,,,,66,5,141954,,,,,,,,,,,,
,,,,,,,,,,,,67,5,150228,,,,,,,,,,,,
,,,,,,,,,,,,68,5,158796,,,,,,,,,,,,
,,,,,,,,,,,,69,5,169878,,,,,,,,,,,,
,,,,,,,,,,,,70,5,181404,,,,,,,,,,,,
,,,,,,,,,,,,71,5,193386,,,,,,,,,,,,
,,,,,,,,,,,,72,5,205842,,,,,,,,,,,,
,,,,,,,,,,,,73,5,218739,,,,,,,,,,,,
,,,,,,,,,,,,74,5,232134,,,,,,,,,,,,
,,,,,,,,,,,,75,5,246036,,,,,,,,,,,,
,,,,,,,,,,,,76,5,260505,,,,,,,,,,,,
,,,,,,,,,,,,77,5,275466,,,,,,,,,,,,
,,,,,,,,,,,,78,5,290976,,,,,,,,,,,,
,,,,,,,,,,,,79,5,307098,,,,,,,,,,,,
,,,,,,,,,,,,80,5,325953,,,,,,,,,,,,
,,,,,,,,,,,,81,5,345366,,,,,,,,,,,,
,,,,,,,,,,,,82,5,365238,,,,,,,,,,,,
,,,,,,,,,,,,83,5,385746,,,,,,,,,,,,
,,,,,,,,,,,,84,5,406791,,,,,,,,,,,,
,,,,,,,,,,,,85,5,428436,,,,,,,,,,,,
,,,,,,,,,,,,86,5,450630,,,,,,,,,,,,
,,,,,,,,,,,,87,5,473514,,,,,,,,,,,,
,,,,,,,,,,,,88,5,496968,,,,,,,,,,,,
,,,,,,,,,,,,89,5,521133,,,,,,,,,,,,
,,,,,,,,,,,,90,5,551469,,,,,,,,,,,,
,,,,,,,,,,,,91,5,582579,,,,,,,,,,,,
,,,,,,,,,,,,92,5,614688,,,,,,,,,,,,
,,,,,,,,,,,,93,5,647676,,,,,,,,,,,,
,,,,,,,,,,,,94,5,681549,,,,,,,,,,,,
,,,,,,,,,,,,95,5,716409,,,,,,,,,,,,
,,,,,,,,,,,,96,5,752268,,,,,,,,,,,,
,,,,,,,,,,,,97,5,789144,,,,,,,,,,,,
,,,,,,,,,,,,98,5,827061,,,,,,,,,,,,
,,,,,,,,,,,,99,5,866031,,,,,,,,,,,,
,,,,,,,,,,,,100,5,912546,,,,,,,,,,,,
,,,,,,,,,,,,101,5,960357,,,,,,,,,,,,
,,,,,,,,,,,,102,5,1009683,,,,,,,,,,,,
,,,,,,,,,,,,103,5,1325328,,,,,,,,,,,,
,,,,,,,,,,,,104,5,1668612,,,,,,,,,,,,
,,,,,,,,,,,,105,5,2040411,,,,,,,,,,,,
,,,,,,,,,,,,106,5,2442234,,,,,,,,,,,,
,,,,,,,,,,,,107,5,2683221,,,,,,,,,,,,
,,,,,,,,,,,,108,5,2939229,,,,,,,,,,,,
,,,,,,,,,,,,109,5,3210828,,,,,,,,,,,,
,,,,,,,,,,,,110,5,3498330,,,,,,,,,,,,
,,,,,,,,,,,,111,5,3802569,,,,,,,,,,,,
,,,,,,,,,,,,112,5,4123845,,,,,,,,,,,,
,,,,,,,,,,,,113,5,4463373,,,,,,,,,,,,
,,,,,,,,,,,,114,5,4821480,,,,,,,,,,,,
,,,,,,,,,,,,115,5,5199168,,,,,,,,,,,,
,,,,,,,,,,,,116,5,5596746,,,,,,,,,,,,
,,,,,,,,,,,,117,5,6015273,,,,,,,,,,,,
,,,,,,,,,,,,118,5,6455463,,,,,,,,,,,,
,,,,,,,,,,,,119,5,6918045,,,,,,,,,,,,
,,,,,,,,,,,,120,5,7404216,,,,,,,,,,,,
,,,,,,,,,,,,121,5,7913820,,,,,,,,,,,,
,,,,,,,,,,,,122,5,8449062,,,,,,,,,,,,
,,,,,,,,,,,,123,5,9010308,,,,,,,,,,,,
,,,,,,,,,,,,124,5,9598398,,,,,,,,,,,,
,,,,,,,,,,,,125,5,10214181,,,,,,,,,,,,
,,,,,,,,,,,,126,5,10859103,,,,,,,,,,,,
,,,,,,,,,,,,127,5,11252184,,,,,,,,,,,,
,,,,,,,,,,,,128,5,11656653,,,,,,,,,,,,
,,,,,,,,,,,,129,5,12072060,,,,,,,,,,,,
,,,,,,,,,,,,130,5,12498531,,,,,,,,,,,,
,,,,,,,,,,,,131,5,12936828,,,,,,,,,,,,
,,,,,,,,,,,,132,5,13387734,,,,,,,,,,,,
,,,,,,,,,,,,133,5,13850130,,,,,,,,,,,,
,,,,,,,,,,,,134,5,14325435,,,,,,,,,,,,
,,,,,,,,,,,,135,5,14813808,,,,,,,,,,,,
,,,,,,,,,,,,136,5,15315402,,,,,,,,,,,,
,,,,,,,,,,,,137,5,15830370,,,,,,,,,,,,
,,,,,,,,,,,,138,5,16359540,,,,,,,,,,,,
,,,,,,,,,,,,139,5,16903068,,,,,,,,,,,,
,,,,,,,,,,,,140,5,17461125,,,,,,,,,,,,
,,,,,,,,,,,,141,5,18034554,,,,,,,,,,,,
,,,,,,,,,,,,142,5,18622836,,,,,,,,,,,,
,,,,,,,,,,,,143,5,19227531,,,,,,,,,,,,
,,,,,,,,,,,,144,5,19848111,,,,,,,,,,,,
,,,,,,,,,,,,145,5,20485458,,,,,,,,,,,,
,,,,,,,,,,,,146,5,21140478,,,,,,,,,,,,
,,,,,,,,,,,,147,5,21812625,,,,,,,,,,,,
,,,,,,,,,,,,148,5,22502076,,,,,,,,,,,,
,,,,,,,,,,,,149,5,23211219,,,,,,,,,,,,
,,,,,,,,,,,,150,5,23920362,,,,,,,,,,,,
,,,,,,,,,,,,151,5,24629505,,,,,,,,,,,,
,,,,,,,,,,,,0,6,1096,,,,,,,,,,,,
,,,,,,,,,,,,1,6,1184,,,,,,,,,,,,
,,,,,,,,,,,,2,6,1280,,,,,,,,,,,,
,,,,,,,,,,,,3,6,1384,,,,,,,,,,,,
,,,,,,,,,,,,4,6,1496,,,,,,,,,,,,
,,,,,,,,,,,,5,6,1616,,,,,,,,,,,,
,,,,,,,,,,,,6,6,1748,,,,,,,,,,,,
,,,,,,,,,,,,7,6,1892,,,,,,,,,,,,
,,,,,,,,,,,,8,6,2044,,,,,,,,,,,,
,,,,,,,,,,,,9,6,2208,,,,,,,,,,,,
,,,,,,,,,,,,10,6,2388,,,,,,,,,,,,
,,,,,,,,,,,,11,6,2580,,,,,,,,,,,,
,,,,,,,,,,,,12,6,2788,,,,,,,,,,,,
,,,,,,,,,,,,13,6,3012,,,,,,,,,,,,
,,,,,,,,,,,,14,6,3256,,,,,,,,,,,,
,,,,,,,,,,,,15,6,3520,,,,,,,,,,,,
,,,,,,,,,,,,16,6,3804,,,,,,,,,,,,
,,,,,,,,,,,,17,6,4112,,,,,,,,,,,,
,,,,,,,,,,,,18,6,4444,,,,,,,,,,,,
,,,,,,,,,,,,19,6,4800,,,,,,,,,,,,
,,,,,,,,,,,,20,6,5184,,,,,,,,,,,,
,,,,,,,,,,,,21,6,5600,,,,,,,,,,,,
,,,,,,,,,,,,22,6,6048,,,,,,,,,,,,
,,,,,,,,,,,,23,6,6532,,,,,,,,,,,,
,,,,,,,,,,,,24,6,7056,,,,,,,,,,,,
,,,,,,,,,,,,25,6,7624,,,,,,,,,,,,
,,,,,,,,,,,,26,6,8236,,,,,,,,,,,,
,,,,,,,,,,,,27,6,8896,,,,,,,,,,,,
,,,,,,,,,,,,28,6,9608,,,,,,,,,,,,
,,,,,,,,,,,,29,6,10380,,,,,,,,,,,,
,,,,,,,,,,,,30,6,11212,,,,,,,,,,,,
,,,,,,,,,,,,31,6,12112,,,,,,,,,,,,
,,,,,,,,,,,,32,6,13084,,,,,,,,,,,,
,,,,,,,,,,,,33,6,16232,,,,,,,,,,,,
,,,,,,,,,,,,34,6,19348,,,,,,,,,,,,
,,,,,,,,,,,,35,6,22440,,,,,,,,,,,,
,,,,,,,,,,,,36,6,25520,,,,,,,,,,,,
,,,,,,,,,,,,37,6,28592,,,,,,,,,,,,
,,,,,,,,,,,,38,6,31656,,,,,,,,,,,,
,,,,,,,,,,,,39,6,34720,,,,,,,,,,,,
,,,,,,,,,,,,40,6,37784,,,,,,,,,,,,
,,,,,,,,,,,,41,6,40868,,,,,,,,,,,,
,,,,,,,,,,,,42,6,43980,,,,,,,,,,,,
,,,,,,,,,,,,43,6,47092,,,,,,,,,,,,
,,,,,,,,,,,,44,6,50236,,,,,,,,,,,,
,,,,,,,,,,,,45,6,53416,,,,,,,,,,,,
,,,,,,,,,,,,46,6,56620,,,,,,,,,,,,
,,,,,,,,,,,,47,6,59868,,,,,,,,,,,,
,,,,,,,,,,,,48,6,63144,,,,,,,,,,,,
,,,,,,,,,,,,49,6,66468,,,,,,,,,,,,
,,,,,,,,,,,,50,6,69828,,,,,,,,,,,,
,,,,,,,,,,,,51,6,74724,,,,,,,,,,,,
,,,,,,,,,,,,52,6,79776,,,,,,,,,,,,
,,,,,,,,,,,,53,6,85048,,,,,,,,,,,,
,,,,,,,,,,,,54,6,90532,,,,,,,,,,,,
,,,,,,,,,,,,55,6,96200,,,,,,,,,,,,
,,,,,,,,,,,,56,6,102088,,,,,,,,,,,,
,,,,,,,,,,,,57,6,108228,,,,,,,,,,,,
,,,,,,,,,,,,58,6,114568,,,,,,,,,,,,
,,,,,,,,,,,,59,6,122708,,,,,,,,,,,,
,,,,,,,,,,,,60,6,131200,,,,,,,,,,,,
,,,,,,,,,,,,61,6,139980,,,,,,,,,,,,
,,,,,,,,,,,,62,6,149128,,,,,,,,,,,,
,,,,,,,,,,,,63,6,158616,,,,,,,,,,,,
,,,,,,,,,,,,64,6,168460,,,,,,,,,,,,
,,,,,,,,,,,,65,6,178660,,,,,,,,,,,,
,,,,,,,,,,,,66,6,189272,,,,,,,,,,,,
,,,,,,,,,,,,67,6,200304,,,,,,,,,,,,
,,,,,,,,,,,,68,6,211728,,,,,,,,,,,,
,,,,,,,,,,,,69,6,226504,,,,,,,,,,,,
,,,,,,,,,,,,70,6,241872,,,,,,,,,,,,
,,,,,,,,,,,,71,6,257848,,,,,,,,,,,,
,,,,,,,,,,,,72,6,274456,,,,,,,,,,,,
,,,,,,,,,,,,73,6,291652,,,,,,,,,,,,
,,,,,,,,,,,,74,6,309512,,,,,,,,,,,,
,,,,,,,,,,,,75,6,328048,,,,,,,,,,,,
,,,,,,,,,,,,76,6,347340,,,,,,,,,,,,
,,,,,,,,,,,,77,6,367288,,,,,,,,,,,,
,,,,,,,,,,,,78,6,387968,,,,,,,,,,,,
,,,,,,,,,,,,79,6,409464,,,,,,,,,,,,
,,,,,,,,,,,,80,6,434604,,,,,,,,,,,,
,,,,,,,,,,,,81,6,460488,,,,,,,,,,,,
,,,,,,,,,,,,82,6,486984,,,,,,,,,,,,
,,,,,,,,,,,,83,6,514328,,,,,,,,,,,,
,,,,,,,,,,,,84,6,542388,,,,,,,,,,,,
,,,,,,,,,,,,85,6,571248,,,,,,,,,,,,
,,,,,,,,,,,,86,6,600840,,,,,,,,,,,,
,,,,,,,,,,,,87,6,631352,,,,,,,,,,,,
,,,,,,,,,,,,88,6,662624,,,,,,,,,,,,
,,,,,,,,,,,,89,6,694844,,,,,,,,,,,,
,,,,,,,,,,,,90,6,735292,,,,,,,,,,,,
,,,,,,,,,,,,91,6,776772,,,,,,,,,,,,
,,,,,,,,,,,,92,6,819584,,,,,,,,,,,,
,,,,,,,,,,,,93,6,863568,,,,,,,,,,,,
,,,,,,,,,,,,94,6,908732,,,,,,,,,,,,
,,,,,,,,,,,,95,6,955212,,,,,,,,,,,,
,,,,,,,,,,,,96,6,1003024,,,,,,,,,,,,
,,,,,,,,,,,,97,6,1052192,,,,,,,,,,,,
,,,,,,,,,,,,98,6,1102748,,,,,,,,,,,,
,,,,,,,,,,,,99,6,1154708,,,,,,,,,,,,
,,,,,,,,,,,,100,6,1216728,,,,,,,,,,,,
,,,,,,,,,,,,101,6,1280476,,,,,,,,,,,,
,,,,,,,,,,,,102,6,1346244,,,,,,,,,,,,
,,,,,,,,,,,,103,6,1767104,,,,,,,,,,,,
,,,,,,,,,,,,104,6,2224816,,,,,,,,,,,,
,,,,,,,,,,,,105,6,2720548,,,,,,,,,,,,
,,,,,,,,,,,,106,6,3256312,,,,,,,,,,,,
,,,,,,,,,,,,107,6,3577628,,,,,,,,,,,,
,,,,,,,,,,,,108,6,3918972,,,,,,,,,,,,
,,,,,,,,,,,,109,6,4281104,,,,,,,,,,,,
,,,,,,,,,,,,110,6,4664440,,,,,,,,,,,,
,,,,,,,,,,,,111,6,5070092,,,,,,,,,,,,
,,,,,,,,,,,,112,6,5498460,,,,,,,,,,,,
,,,,,,,,,,,,113,6,5951164,,,,,,,,,,,,
,,,,,,,,,,,,114,6,6428640,,,,,,,,,,,,
,,,,,,,,,,,,115,6,6932224,,,,,,,,,,,,
,,,,,,,,,,,,116,6,7462328,,,,,,,,,,,,
,,,,,,,,,,,,117,6,8020364,,,,,,,,,,,,
,,,,,,,,,,,,118,6,8607284,,,,,,,,,,,,
,,,,,,,,,,,,119,6,9224060,,,,,,,,,,,,
,,,,,,,,,,,,120,6,9872288,,,,,,,,,,,,
,,,,,,,,,,,,121,6,10551760,,,,,,,,,,,,
,,,,,,,,,,,,122,6,11265416,,,,,,,,,,,,
,,,,,,,,,,,,123,6,12013744,,,,,,,,,,,,
,,,,,,,,,,,,124,6,12797864,,,,,,,,,,,,
,,,,,,,,,,,,125,6,13618908,,,,,,,,,,,,
,,,,,,,,,,,,126,6,14478804,,,,,,,,,,,,
,,,,,,,,,,,,127,6,15002912,,,,,,,,,,,,
,,,,,,,,,,,,128,6,15542204,,,,,,,,,,,,
,,,,,,,,,,,,129,6,16096080,,,,,,,,,,,,
,,,,,,,,,,,,130,6,16664708,,,,,,,,,,,,
,,,,,,,,,,,,131,6,17249104,,,,,,,,,,,,
,,,,,,,,,,,,132,6,17850312,,,,,,,,,,,,
,,,,,,,,,,,,133,6,18466840,,,,,,,,,,,,
,,,,,,,,,,,,134,6,19100580,,,,,,,,,,,,
,,,,,,,,,,,,135,6,19751744,,,,,,,,,,,,
,,,,,,,,,,,,136,6,20420536,,,,,,,,,,,,
,,,,,,,,,,,,137,6,21107160,,,,,,,,,,,,
,,,,,,,,,,,,138,6,21812720,,,,,,,,,,,,
,,,,,,,,,,,,139,6,22537424,,,,,,,,,,,,
,,,,,,,,,,,,140,6,23281500,,,,,,,,,,,,
,,,,,,,,,,,,141,6,24046072,,,,,,,,,,,,
,,,,,,,,,,,,142,6,24830448,,,,,,,,,,,,
,,,,,,,,,,,,143,6,25636708,,,,,,,,,,,,
,,,,,,,,,,,,144,6,26464148,,,,,,,,,,,,
,,,,,,,,,,,,145,6,27313944,,,,,,,,,,,,
,,,,,,,,,,,,146,6,28187304,,,,,,,,,,,,
,,,,,,,,,,,,147,6,29083500,,,,,,,,,,,,
,,,,,,,,,,,,148,6,30002768,,,,,,,,,,,,
,,,,,,,,,,,,149,6,30948292,,,,,,,,,,,,
,,,,,,,,,,,,150,6,31893816,,,,,,,,,,,,
,,,,,,,,,,,,151,6,32839340,,,,,,,,,,,,
,,,,,,,,,,,,0,7,1370,,,,,,,,,,,,
,,,,,,,,,,,,1,7,1480,,,,,,,,,,,,
,,,,,,,,,,,,2,7,1600,,,,,,,,,,,,
,,,,,,,,,,,,3,7,1730,,,,,,,,,,,,
,,,,,,,,,,,,4,7,1870,,,,,,,,,,,,
,,,,,,,,,,,,5,7,2020,,,,,,,,,,,,
,,,,,,,,,,,,6,7,2185,,,,,,,,,,,,
,,,,,,,,,,,,7,7,2365,,,,,,,,,,,,
,,,,,,,,,,,,8,7,2555,,,,,,,,,,,,
,,,,,,,,,,,,9,7,2760,,,,,,,,,,,,
,,,,,,,,,,,,10,7,2985,,,,,,,,,,,,
,,,,,,,,,,,,11,7,3225,,,,,,,,,,,,
,,,,,,,,,,,,12,7,3485,,,,,,,,,,,,
,,,,,,,,,,,,13,7,3765,,,,,,,,,,,,
,,,,,,,,,,,,14,7,4070,,,,,,,,,,,,
,,,,,,,,,,,,15,7,4400,,,,,,,,,,,,
,,,,,,,,,,,,16,7,4755,,,,,,,,,,,,
,,,,,,,,,,,,17,7,5140,,,,,,,,,,,,
,,,,,,,,,,,,18,7,5555,,,,,,,,,,,,
,,,,,,,,,,,,19,7,6000,,,,,,,,,,,,
,,,,,,,,,,,,20,7,6480,,,,,,,,,,,,
,,,,,,,,,,,,21,7,7000,,,,,,,,,,,,
,,,,,,,,,,,,22,7,7560,,,,,,,,,,,,
,,,,,,,,,,,,23,7,8165,,,,,,,,,,,,
,,,,,,,,,,,,24,7,8820,,,,,,,,,,,,
,,,,,,,,,,,,25,7,9530,,,,,,,,,,,,
,,,,,,,,,,,,26,7,10295,,,,,,,,,,,,
,,,,,,,,,,,,27,7,11120,,,,,,,,,,,,
,,,,,,,,,,,,28,7,12010,,,,,,,,,,,,
,,,,,,,,,,,,29,7,12975,,,,,,,,,,,,
,,,,,,,,,,,,30,7,14015,,,,,,,,,,,,
,,,,,,,,,,,,31,7,15140,,,,,,,,,,,,
,,,,,,,,,,,,32,7,16355,,,,,,,,,,,,
,,,,,,,,,,,,33,7,20290,,,,,,,,,,,,
,,,,,,,,,,,,34,7,24185,,,,,,,,,,,,
,,,,,,,,,,,,35,7,28050,,,,,,,,,,,,
,,,,,,,,,,,,36,7,31900,,,,,,,,,,,,
,,,,,,,,,,,,37,7,35740,,,,,,,,,,,,
,,,,,,,,,,,,38,7,39570,,,,,,,,,,,,
,,,,,,,,,,,,39,7,43400,,,,,,,,,,,,
,,,,,,,,,,,,40,7,47230,,,,,,,,,,,,
,,,,,,,,,,,,41,7,51085,,,,,,,,,,,,
,,,,,,,,,,,,42,7,54975,,,,,,,,,,,,
,,,,,,,,,,,,43,7,58865,,,,,,,,,,,,
,,,,,,,,,,,,44,7,62795,,,,,,,,,,,,
,,,,,,,,,,,,45,7,66770,,,,,,,,,,,,
,,,,,,,,,,,,46,7,70775,,,,,,,,,,,,
,,,,,,,,,,,,47,7,74835,,,,,,,,,,,,
,,,,,,,,,,,,48,7,78930,,,,,,,,,,,,
,,,,,,,,,,,,49,7,83085,,,,,,,,,,,,
,,,,,,,,,,,,50,7,87285,,,,,,,,,,,,
,,,,,,,,,,,,51,7,93405,,,,,,,,,,,,
,,,,,,,,,,,,52,7,99720,,,,,,,,,,,,
,,,,,,,,,,,,53,7,106310,,,,,,,,,,,,
,,,,,,,,,,,,54,7,113165,,,,,,,,,,,,
,,,,,,,,,,,,55,7,120250,,,,,,,,,,,,
,,,,,,,,,,,,56,7,127610,,,,,,,,,,,,
,,,,,,,,,,,,57,7,135285,,,,,,,,,,,,
,,,,,,,,,,,,58,7,143210,,,,,,,,,,,,
,,,,,,,,,,,,59,7,153385,,,,,,,,,,,,
,,,,,,,,,,,,60,7,164000,,,,,,,,,,,,
,,,,,,,,,,,,61,7,174975,,,,,,,,,,,,
,,,,,,,,,,,,62,7,186410,,,,,,,,,,,,
,,,,,,,,,,,,63,7,198270,,,,,,,,,,,,
,,,,,,,,,,,,64,7,210575,,,,,,,,,,,,
,,,,,,,,,,,,65,7,223325,,,,,,,,,,,,
,,,,,,,,,,,,66,7,236590,,,,,,,,,,,,
,,,,,,,,,,,,67,7,250380,,,,,,,,,,,,
,,,,,,,,,,,,68,7,264660,,,,,,,,,,,,
,,,,,,,,,,,,69,7,283130,,,,,,,,,,,,
,,,,,,,,,,,,70,7,302340,,,,,,,,,,,,
,,,,,,,,,,,,71,7,322310,,,,,,,,,,,,
,,,,,,,,,,,,72,7,343070,,,,,,,,,,,,
,,,,,,,,,,,,73,7,364565,,,,,,,,,,,,
,,,,,,,,,,,,74,7,386890,,,,,,,,,,,,
,,,,,,,,,,,,75,7,410060,,,,,,,,,,,,
,,,,,,,,,,,,76,7,434175,,,,,,,,,,,,
,,,,,,,,,,,,77,7,459110,,,,,,,,,,,,
,,,,,,,,,,,,78,7,484960,,,,,,,,,,,,
,,,,,,,,,,,,79,7,511830,,,,,,,,,,,,
,,,,,,,,,,,,80,7,543255,,,,,,,,,,,,
,,,,,,,,,,,,81,7,575610,,,,,,,,,,,,
,,,,,,,,,,,,82,7,608730,,,,,,,,,,,,
,,,,,,,,,,,,83,7,642910,,,,,,,,,,,,
,,,,,,,,,,,,84,7,677985,,,,,,,,,,,,
,,,,,,,,,,,,85,7,714060,,,,,,,,,,,,
,,,,,,,,,,,,86,7,751050,,,,,,,,,,,,
,,,,,,,,,,,,87,7,789190,,,,,,,,,,,,
,,,,,,,,,,,,88,7,828280,,,,,,,,,,,,
,,,,,,,,,,,,89,7,868555,,,,,,,,,,,,
,,,,,,,,,,,,90,7,919115,,,,,,,,,,,,
,,,,,,,,,,,,91,7,970965,,,,,,,,,,,,
,,,,,,,,,,,,92,7,1024480,,,,,,,,,,,,
,,,,,,,,,,,,93,7,1079460,,,,,,,,,,,,
,,,,,,,,,,,,94,7,1135915,,,,,,,,,,,,
,,,,,,,,,,,,95,7,1194015,,,,,,,,,,,,
,,,,,,,,,,,,96,7,1253780,,,,,,,,,,,,
,,,,,,,,,,,,97,7,1315240,,,,,,,,,,,,
,,,,,,,,,,,,98,7,1378435,,,,,,,,,,,,
,,,,,,,,,,,,99,7,1443385,,,,,,,,,,,,
,,,,,,,,,,,,100,7,1520910,,,,,,,,,,,,
,,,,,,,,,,,,101,7,1600595,,,,,,,,,,,,
,,,,,,,,,,,,102,7,1682805,,,,,,,,,,,,
,,,,,,,,,,,,103,7,2208880,,,,,,,,,,,,
,,,,,,,,,,,,104,7,2781020,,,,,,,,,,,,
,,,,,,,,,,,,105,7,3400685,,,,,,,,,,,,
,,,,,,,,,,,,106,7,4070390,,,,,,,,,,,,
,,,,,,,,,,,,107,7,4472035,,,,,,,,,,,,
,,,,,,,,,,,,108,7,4898715,,,,,,,,,,,,
,,,,,,,,,,,,109,7,5351380,,,,,,,,,,,,
,,,,,,,,,,,,110,7,5830550,,,,,,,,,,,,
,,,,,,,,,,,,111,7,6337615,,,,,,,,,,,,
,,,,,,,,,,,,112,7,6873075,,,,,,,,,,,,
,,,,,,,,,,,,113,7,7438955,,,,,,,,,,,,
,,,,,,,,,,,,114,7,8035800,,,,,,,,,,,,
,,,,,,,,,,,,115,7,8665280,,,,,,,,,,,,
,,,,,,,,,,,,116,7,9327910,,,,,,,,,,,,
,,,,,,,,,,,,117,7,10025455,,,,,,,,,,,,
,,,,,,,,,,,,118,7,10759105,,,,,,,,,,,,
,,,,,,,,,,,,119,7,11530075,,,,,,,,,,,,
,,,,,,,,,,,,120,7,12340360,,,,,,,,,,,,
,,,,,,,,,,,,121,7,13189700,,,,,,,,,,,,
,,,,,,,,,,,,122,7,14081770,,,,,,,,,,,,
,,,,,,,,,,,,123,7,15017180,,,,,,,,,,,,
,,,,,,,,,,,,124,7,15997330,,,,,,,,,,,,
,,,,,,,,,,,,125,7,17023635,,,,,,,,,,,,
,,,,,,,,,,,,126,7,18098505,,,,,,,,,,,,
,,,,,,,,,,,,127,7,18753640,,,,,,,,,,,,
,,,,,,,,,,,,128,7,19427755,,,,,,,,,,,,
,,,,,,,,,,,,129,7,20120100,,,,,,,,,,,,
,,,,,,,,,,,,130,7,20830885,,,,,,,,,,,,
,,,,,,,,,,,,131,7,21561380,,,,,,,,,,,,
,,,,,,,,,,,,132,7,22312890,,,,,,,,,,,,
,,,,,,,,,,,,133,7,23083550,,,,,,,,,,,,
,,,,,,,,,,,,134,7,23875725,,,,,,,,,,,,
,,,,,,,,,,,,135,7,24689680,,,,,,,,,,,,
,,,,,,,,,,,,136,7,25525670,,,,,,,,,,,,
,,,,,,,,,,,,137,7,26383950,,,,,,,,,,,,
,,,,,,,,,,,,138,7,27265900,,,,,,,,,,,,
,,,,,,,,,,,,139,7,28171780,,,,,,,,,,,,
,,,,,,,,,,,,140,7,29101875,,,,,,,,,,,,
,,,,,,,,,,,,141,7,30057590,,,,,,,,,,,,
,,,,,,,,,,,,142,7,31038060,,,,,,,,,,,,
,,,,,,,,,,,,143,7,32045885,,,,,,,,,,,,
,,,,,,,,,,,,144,7,33080185,,,,,,,,,,,,
,,,,,,,,,,,,145,7,34142430,,,,,,,,,,,,
,,,,,,,,,,,,146,7,35234130,,,,,,,,,,,,
,,,,,,,,,,,,147,7,36354375,,,,,,,,,,,,
,,,,,,,,,,,,148,7,37503460,,,,,,,,,,,,
,,,,,,,,,,,,149,7,38685365,,,,,,,,,,,,
,,,,,,,,,,,,150,7,39867270,,,,,,,,,,,,
,,,,,,,,,,,,151,7,41049175,,,,,,,,,,,,
